,ScoutId,MatchKey,Alliance,DriverStation,TeamNumber,Preloaded,AutoGrid,AutoMissed,Mobile,AutoAttemptedCharge,AutoChargingState,AutoNotes,TeleopGrid,TeleopMissed,TeleopNotes,EndgameAttemptedCharge,EndgameFinalCharge,EndgameChargeTime,EndgameNotes,Disable,Tippy,DefenseTime,DefenseRating,DefendedTime,CounterDefenseRating,DriverRating,RatingNotes
0,Joshua,qm1,red,2,8197,false,2Lcube,0,false,,None,,,0,,,None,,,true,false,0,0,0,0,0,
1,Neel,qm1,blue,2,3793,true,,0,false,,None,Nothing,2M|7H|8M|8H,0,Struggling to intake,,None,,,false,false,0,0,0,0,2,
2,sarah,qm1,blue,,8592,true,5H|6H,0,true,Dock|Engage,Engaged,,3H|4H|5H|8H|9H,1,,Dock|Engage,Engage,5,,false,false,0,0,0,0,3,
3,Shashwat,qm1,red,3,4541,true,1H,0,true,,None,,,1,,Engage,Engage,3.8,,false,false,0,0,0,0,2,
4,sylvia,qm1,blue,3,5115,true,2Lcube,0,false,,,,1Lcone,0,"drives with their arm extended way out which is >Ã¥
has difficulty picking up objects on both ground and substation just drops it or misses a lot
drives slow
",Engage,Engage,,,false,false,0,0,0,0,1,
5,Blen Shiferaw,qm1,red,,4541,true,1H,0,true,,None,,1M,0,intake was fault| not good with picking cubes from ground ,Engage,Engage,2.7,,false,false,0,0,0,0,2,
6,Joshua,qm2,red,2,3748,false,,0,true,Dock,None,,,0,Could not drive very well| failed to pick up any cubes and was stuck in gap between charging station and wall for most of the game.,Engage,Engage,10.5,Got tilted off the station| ,false,true,0,0,0,0,0,Its possible their robot was damaged from auto charge attempt| very tippy robot threw itself into wall and was stuck the rest of the game
7,Blen Shiferaw,qm2,red,3,6882,false,,0,true,,None,,,0,almost entirely defensive robot ,Engage,None,,,false,false,80,3,20,3,3,
8,Olivia ,qm2,blue,,612,false,,0,false,,,Didnt attemp scoring ,2H|8M,0,They were getting defended a lot and drove very slow and couldnt drive well took a whole to pick up game pieces ,Dock,Dock,16.6,They fell off the charge station last second ,false,false,20,2,40,1,0,Drove slow| not very good at driving 
9,sylvia,qm2,blue,3,1719,true,5H,0,true,,,,1H|2M,0,struggled to easily pick up game piecesdrives slowly so it gets stuck going over charge station,Dock,None,11,,false,false,0,0,0,0,1,
10,Neel,qm2,blue,2,1727,true,9H,0,false,,None,,2M|4H|5M|5H|6H|7H|8H,0,,,None,,,true,false,0,0,50,3,2,
11,Arav,qm3,red,,4472,true,,1,false,,None,They got stuck,,0,They still stuck,,None,,,true,false,0,0,0,0,0,
12,Neel,qm3,blue,2,3373,true,,0,true,,None,,5H|7M|8M|9M,1,,Dock|Engage,Engage,,,true,false,0,0,0,0,1,
13,brandon,qm3,blue,3,7770,true,2Lcone,0,false,,None,,1H|5M,0,,Dock|Engage,Engage,8,manual,false,true,0,0,0,0,1,slow wiggly arm that they drive out with empire state lookin ass
14,Blen Shiferaw,qm3,red,3,6504,true,,0,true,,,,9H,0,intake system drops game pieces when trying to pick up from ground ,Engage,None,,,false,false,0,0,0,0,2,
15,Joshua,qm3,red,2,2849,true,,1,false,Engage,Engaged,good engaging movement,5Lcube|4Lcube,0,A but inefficient driving| but got what they aimed to do done,Engage,Dock,6.2,took 6 seconds to engage in their own| but got knocked off at 22 seconds left,false,false,0,0,20,2,2,
16,Neel,qm4,blue,2,2961,false,,0,false,,None,,2Lcone,0,,,Parked,,,false,true,0,0,20,1,0,
17,brandon,qm4,blue,3,9235,true,8H,0,true,,,,5M,0,,Dock|Engage,None,6,,false,true,0,0,80,1,0,BRO GOT STUNTED ON SKULL EMOJI arm got caught im another robot
18,Arav,qm4,red,,2186,false,,0,true,Dock|Engage,Docked,,,0,Intake broke,Engage,Engage,5.4,,false,true,60,3,0,0,2,
19,Olivia ,qm4,blue,,116,true,1Lcone,0,true,,,,2H|6H|7H,0,,,,,,false,true,20,1,60,3,1,Able to push back the robot good defense 
20,Blen Shiferaw,qm4,red,3,1915,false,,0,false,,,,2Lcone,0,,,,,,true,false,20,1,0,0,2,
21,Joshua,qm4,red,3,8590,true,2H,0,true,,None,,7Lcube,0,,Engage,Engage,9.4 seconds,,false,false,40,2,20,3,3,had a lot of difficulty picking up cones from stations
22,Neel,qm5,blue,2,9072,true,,0,true,,None,,2Lcube,0,,Engage,Parked,,,false,true,0,0,40,2,1,
23,Arav,qm5,red,,4099,true,,0,false,,None,,,0,,Engage,Engage,,,false,false,100,4,0,0,5,
24,Blen Shiferaw,qm5,red,3,1885,true,3Lcone,0,true,,,,8Lcone|7Lcone|2Lcone,0,,Engage,,6.9,,false,false,0,0,0,0,4,
25,Olivia ,qm5,blue,,9033,true,8H,0,true,,,,,0,Did nothing ,Dock,Dock,,,false,false,40,1,60,1,0,Pretty much did nothing but tried to balanced at endgame 
26,sylvia,qm5,blue,3,686,true,5H,0,true,,,couldnt pick up cone in auto,4H|6H,0,struggles to line up with nodegot stuck and couldnt move for a bit,,None,,,false,false,0,0,40,1,1,
27,Joshua,qm5,red,2,2421,false,,0,false,Dock,Docked,Tried,,0,poor ability to grab cubes from station,Engage,Engage,8.9,Very solid defense| but robot is too slow to do it effectively,false,false,80,3,20,2,3,Good driving and defense| but robot is way too slow to make it effective. However| they got good pins
28,Arav,qm6,red,,623,true,4M,0,false,Engage,Engaged,,6M|5M|5H|2Lcube,1,,Engage,Engage,4,,false,false,0,0,0,0,4,
29,Blen Shiferaw,qm6,red,3,5243,true,,1,true,,,,,0,really slow| intake was not picking up cones/cubes from ground ,,,,,false,false,0,0,0,0,1,
30,Olivia ,qm6,blue,,3361,true,2H,0,false,,,,3Lcone|4H,0,,Engage,Engage,21,,false,true,0,0,40,1,0,Struggling to get pieces from substation 
31,Palak,qm6,blue,2,620,true,,0,true,Dock|Engage,Engaged,,5Lcone,1,Got stuck by charge station,,None,,,false,false,0,0,0,0,1,
32,sylvia ,qm6,blue,3,1418,true,9H,0,true,,None,,,0,they tipped over :((( =M,,None,,,false,true,0,0,0,0,0,
33,brandon,qm7,blue,3,6882,false,,0,true,,,,,0,,Dock|Engage,None,11,manual and got trolled by teammate,false,false,100,2,0,0,2,defense
34,Olivia ,qm7,blue,,8726,true,7H,0,true,,,,6H|9Lcube,0,,,,,,false,false,0,0,0,0,0,Very slow at driving 
35,Arav,qm7,red,,339,false,,0,true,,,,1M,0,Really slow intake and driving ,Engage,Engage,4.8,,false,false,40,2,0,0,2,Really slow drivers
36,Palak,qm7,blue,2,8230,false,,0,true,Dock|Engage,Engaged,,6Lcube|9Lcube,0,,,None,,,false,false,0,0,0,0,2,
37,Blen Shiferaw,qm7,red,3,5841,false,,0,false,,,,2Lcube,0,intake broke off,,,,,false,false,20,1,60,1,2,
38,Joshua ,qm7,red,2,4472,true,6H,0,false,Dock,None,,7H|5H,1,Good collection and dodging| very efficient with scoring ,Engage,Engage,4,Good coordination w other team,false,true,20,2,40,3,4,Good driving| collection| only did defense when convenient 
39,brandon,qm8,blue,3,2988,true,5Lcone,0,true,,,,,0,,Engage,Engage,17,,true,false,0,0,0,0,0,weird intake and disabled
40,Arav,qm8,red,,8197,true,1Lcube,0,true,,,,,2,Push bot,Engage,Engage,2.8,,false,true,0,0,0,0,3,
41,Blen Shiferaw,qm8,red,3,7770,true,2Lcube,0,true,,,,2Lcone,1,,,,,,false,false,0,0,0,0,2,
42,Palak,qm8,blue,2,3793,true,,0,true,,None,,5M|8H,1,Had trouble grabbing cube,,None,,,false,false,0,0,0,0,3,
43,Olivia,qm8,blue,,2186,false,,0,true,,,,1Lcube|9Lcone,0,Only pushed the game pieces and only started to move with 38 seconds remaining ,Engage,Engage,,,false,false,0,0,40,1,0,Slow at moving 
44,Joshua,qm8,red,2,3748,false,,0,false,,None,No auto,8M,0,,Dock,Engage,7,,true,false,0,0,20,1,3,Very slow robot| decent driving . Made a good decision not to engage at the end 
45,Arav,qm9,red,,2961,false,,0,false,,,No auto ,,1,Push bot,Engage,None,,They fell off,false,true,0,0,0,0,1,
46,Palak,qm9,blue,2,2849,false,,0,true,,None,,3M|4H,0,,Dock|Engage,None,,,false,true,0,0,0,0,3,
47,brandon,qm9,blue,3,5115,true,,1,true,,,,1H|3M,0,,Dock|Engage,Engage,8,,false,false,0,0,0,0,1,
48,Olivia ,qm9,blue,,5587,false,,0,false,,,,8Lcone|9Lcube,0,Stopped moving at one point,,,,,false,false,0,0,60,1,0,Very slow at driving 
49,Blen Shiferaw,qm9,red,3,9033,true,2H,0,true,,,,2Lcone,1,,Engage,Engage,2,,false,false,0,0,0,0,3,
50,Joshua,qm9,red,2,612,false,,0,true,Dock,Docked,,5H|3Lcube,0,,Engage,Engage,4s,Tried to score one during endgame| decided against and charged,false,false,0,0,40,3,3,
51,Palak,qm10,blue,2,620,true,,0,true,Dock|Engage,Engaged,,1M|6M|9M,0,,Dock|Engage,Engage,,,false,false,0,0,0,0,4,
52,Blen Shiferaw,qm10,red,3,2421,true,,1,true,,,,9Lcube|2H,0,,Engage,None,,,false,false,0,0,0,0,3,
53,Olivia,qm10,blue,,1719,true,8H,0,false,,,,5Lcone|9H,1,Cannot intake from ground easily ,Engage,Engage,,,false,false,0,0,0,0,1,
54,Joshua,qm10,red,2,1389,true,5H,0,false,Dock,Docked,,2Lcone,0,,Engage,Engage,152,,false,false,20,2,40,4,3,very good situational awareness| avoiding being pinned via dodges| etc
55,sylvia,qm10,blue,3,3373,true,2M,0,false,,,tried mobility but it didnt go far enough,1M|2H|8M,0,their clappity clap gripper mechanism the grippy part one side fell off but it still worked and was able to pick up cubevery slow arm,Dock|Engage,Engage,,,false,false,0,0,0,0,1,very slow driving
56,sarah,qm11,red,,6504,true,,0,true,,None,,2M|1M,0,,Dock|Engage,Engage,12,,false,true,0,0,0,0,1,gripper got stuck on cube
57,Shashwat,qm11,blue,2,1885,false,,0,false,,None,,2Lcone|3Lcone|8Lcone,0,,Engage,Engage,16,,false,false,20,4,0,0,3,
58,Sydney,qm11,red,3,623,true,4M,0,true,Engage,None,,8Lcube|7Lcube|6M,0,,Engage,Engage,12,,false,false,0,0,20,1,3,
59,Joshua,qm11,red,1,9235,true,8H,0,true,,Docked,,8M|5M,0,,,Engage,8,,false,false,20,1,80,2,1,No attempt at counter defense| any attempts at defense were unsuccessful.
60,Nicole,qm11,blue,3,8726,false,,0,true,,,,4Lcube|5Lcube,0,,Dock|Engage,Parked,10.8,,false,false,0,0,0,0,2,Dropped cubes oftenCouldn't extend up far
61,sarah,qm12,red,,9072,false,,0,true,,,,2Lcube,0,intake does not work,Dock|Engage,Engage,15,,false,true,0,0,0,0,1,
62,Sydney ,qm12,red,3,5841,true,,1,true,,None,,9Lcone|8Lcube|7Lcube,0,Broken intake- had to push,,None,,,false,false,0,0,0,0,2,
63,Suhani,qm12,blue,,1727,true,6H,0,true,Dock,None,,1H|4H|5H|7H|8H|9H,0,Dropped a cone,Dock|Engage,Engage,6.0,,false,false,0,0,0,0,5,Consistent and stable driving
64,Nicole,qm12,blue,3,116,true,9Lcone,0,true,,,,2H|3H,0,,Dock|Engage,Engage,3.4,,false,false,0,0,0,0,2,Line ups bad| trouble grabbing
65,Nikhil,qm12,blue,2,5243,true,2Lcube,0,false,,None,,,0,,,Parked,,,false,false,20,4,40,1,1,Looked lost for a while. While defending were just pushed out the way.
66,Sophia T,qm12,red,2,4638,true,,1,true,,None,,7Lcube|2Lcube|1Lcone,0,,Dock|Engage,Engage,12.1,,false,false,0,0,40,1,3,
67,Suhani,qm13,blue,,3361,true,8H,0,true,,,,9H,1,Have difficulty in taking (aligning intake to cone) and missed top node,,None,,Did not attempt to dock,false,false,0,0,0,0,2,Slow but stable driving
68,brandon,qm13,blue,3,339,false,,0,true,,None,,1M|2M,0,,Dock|Engage,Engage,7,,false,false,0,0,0,0,1,slow
69,Sydney,qm13,red,3,686,true,5H,0,true,Engage,None,,9H|8M|8H|7M,0,,Engage,None,,,false,false,0,0,0,0,4,
70,Sophia T,qm13,red,2,8592,true,7H,0,false,Engage,None,,6H|4H|3H|1Lcube,1,,,None,,,false,false,0,0,40,3,4,
71,Agneya,qm13,blue,2,1915,true,,0,false,,,,2Lcube,0,didnt try intaking at all possibly broken,Dock|Engage,Engage,5.3,,false,false,40,2,60,4,1,
72,sarah,qm13,red,,8590,true,2H,0,false,,,,,0,their gripper keeps dropping cubes,Dock|Engage,Dock,20,,false,false,0,0,0,0,1,their arm is like wiggling when they move
73,Suhani,qm14,blue,,8230,true,3H,0,true,Dock|Engage,None,,,0,Could not move,,None,,,true,false,0,0,0,0,0,
74,brandon,qm14,blue,3,1389,true,2H,0,true,,,,1H|2M|3H|7H,0,,Dock|Engage,Engage,3,,false,false,20,1,0,0,2,
75,Sophia T,qm14,red,2,2186,false,,0,true,,None,,,0,,,None,,,false,false,100,3,0,0,1,
76,Sydney,qm14,red,3,2849,true,9Lcube,0,true,,None,,,0,Knocked out cube placed in auto| bad intake,Engage,Dock,,,false,false,0,0,0,0,2,
77,sarah,qm14,red,,4099,false,4H,0,false,Dock|Engage,Docked,,6H|5H|4Lcube|3Lcone|3H|2H|1H,0,,Dock|Engage,Engage,8,,false,false,0,0,0,0,4,
78,Agneya,qm14,blue,2,1719,true,8H,0,true,,,,9H,0,drops their cargo a lot easily bumped out,Dock|Engage,Engage,3,,false,false,20,2,80,2,2,
79,Sydney,qm15,red,3,2988,true,5Lcone,0,false,,None,,9Lcube,0,,Engage,None,,,true,false,0,0,0,0,3,
80,Sophia T,qm15,red,2,612,false,,0,true,,None,,4Lcube,0,intake wasn't working,Engage,Dock,25.8,,false,false,80,4,0,0,3,
81,Nicole,qm15,blue,3,3748,true,,0,false,,,,2M|5M,0,,Dock|Engage,Engage,7.6,,false,false,0,0,0,0,2,Lineups midOverall seemed unstableCouldn't go very fast or it would tip over
82,sarah,qm15,red,,9235,true,2H,0,false,,None,,8M|2M,0,,,Parked,,,false,false,0,0,0,0,1,
83,aran,qm16,blue,,3793,true,5H,0,true,,None,,5M,0,,Dock|Engage,None,,,false,true,0,0,0,0,1,
84,Nicole,qm16,blue,3,8197,false,,0,false,,,,,0,,,,,,false,false,0,0,0,0,0,Stationary for the entire game
85,Sydney,qm16,red,3,8726,true,6Lcone,0,false,,None,,9Lcube|5Lcube|4Lcube,0,,Engage,Engage,10,,false,false,0,0,0,0,3,
86,Saragha,qm16,red,,5243,true,2Lcube,0,true,,None,,,0,,,Parked,,,false,false,0,0,0,0,1,
87,Agneya,qm16,blue,2,6882,false,,0,true,,,,,0,scored nothing either went in circles or only turned or jerked forward,Engage,Dock,8,,false,false,100,1,0,0,1,
88,Suzy,qm16,red,2,9072,false,,0,true,,None,,7Lcube|4Lcube,0,,Dock|Engage,Engage,18.9,Tank drive very slow pneumatic system that helped air that pushes cubes to lower,false,false,0,0,0,0,3,
89,Sydney,qm17,red,3,2421,true,9Lcube,0,false,,None,,8H|2M,0,Takes a while to get cargo from substation ,Engage,Engage,9,,false,false,0,0,0,0,3,
90,Aran,qm17,blue,,7770,true,9Lcube,0,true,,None,,9Lcone,1,,,None,,Stopped moving near grid,true,true,0,0,0,0,1,
91,Saragha,qm17,red,,620,false,6M,0,false,Dock|Engage,Engaged,,,0,,,None,,,true,true,0,0,0,0,0,Tipped over
92,Suzy,qm17,red,2,5841,true,,0,false,,None,,2M|1Lcube,0,,,None,4.3,,false,true,0,0,0,0,0,Did not move or drive
93,Nicole,qm17,blue,3,8590,true,5H,0,true,,,,,0,,Dock|Engage,Engage,3,,false,false,0,0,0,0,2,Couldn't pick up a single item| back arm was immobile so it couldn't extend far enoughBumper kept pushing stuff
94,Agneya,qm17,blue,2,9033,true,2H,0,false,,,,1H|3H|4H,0,,Dock|Engage,Engage,2,good intake from double sub ,false,false,0,0,0,0,4,
95,Aran,qm18,blue,,2961,false,,0,false,,None,,6Lcone,0,Push bot,,None,,,false,true,0,0,0,0,1,
96,brandon,qm18,blue,3,6504,true,,0,true,,,,1H|3Lcone,0,,Dock|Engage,Engage,2,,false,false,0,0,0,0,3,
97,Sydney,qm18,red,3,116,true,1Lcone,0,true,,None,,3H,1,,,None,,,true,false,0,0,0,0,3,
98,Saragha,qm18,red,,686,true,5H,0,true,Dock|Engage,Engaged,,6H|4Lcone|4H,0,,Dock|Engage,Engage,2,,false,false,0,0,0,0,2,Turret| reorients cubes
99,Suzy,qm18,red,2,339,false,,0,true,,None,,8M|5M|5H,0,,Engage,Engage,6.8,,false,false,0,0,40,3,3,Only cube and mid
100,Agneya,qm18,blue,2,5587,true,,1,true,,,,,0,,Dock|Engage,Engage,4,,false,false,20,2,80,3,3,disabled twice during match
101,Aran,qm19,blue,,4541,true,1H|8M,0,true,,,,1Lcube|2Lcube,0,,Dock,,,,false,true,0,0,0,0,1,
102,Suzy,qm19,red,2,1885,true,1Lcone,0,true,,None,,8Lcone|6Lcone|2Lcone,0,,Engage,Engage,5.8,,false,false,0,0,40,2,3,
103,Saragha,qm19,red,,5115,true,,1,true,,None,,1M,0,,Dock|Engage,Engage,6,,false,false,0,0,0,0,1,
104,Sydney,qm19,red,3,1418,true,9H,0,true,,None,,,0,Knocked over very early into teleop,,None,,,false,false,0,0,0,0,4,Driving was good - just got knocked out very early on
105,brandon,qm19,blue,3,8230,false,5H,0,true,Engage,Engaged,,1Lcube|2Lcube,0,,Dock|Engage,Engage,6,,false,false,20,3,0,0,4,cube shooter put around 10 cubes in community
106,Agneya,qm19,blue,2,3361,true,8H,0,true,,,,4H|7H,0,,,Parked,0,good at taking from double sub but slow robot,false,false,0,0,0,0,4,
107,brandon,qm20,blue,3,8592,true,7H|8Lcone,0,true,,,,3H|5H|6H|8H,0,,Engage,Engage,5,,false,false,0,0,0,0,5,GOD newton is so hot and cool and sexy and amazing
108,Sydney,qm20,red,3,1727,true,9H,0,true,,None,,8H|7H|6H|5H|4H|2H,0,,Engage,Engage,5,,false,false,0,0,0,0,5,
109,Suzy,qm20,red,2,4099,true,1H,1,true,,None,,3Lcube|2Lcube,1,Gripper is slippery,Engage,Engage,1.7,,false,false,80,4,20,3,4,
110,Agneya,qm20,blue,2,4472,true,1H,1,false,,,,4H|6H,0,,Dock|Engage,Engage,3,,false,true,0,0,0,0,5,
111,Saragha,qm20,red,,4638,true,,0,false,Dock|Engage,,,,0,,,None,,,false,true,20,1,0,0,1,
112,Agneya,qm21,blue,2,1389,false,,0,false,,,,2Lcone|8Lcube,0,,Dock|Engage,Engage,6,,false,false,0,0,0,0,4,
113,palak,qm21,red,2,2849,false,,0,false,Engage,Engaged,,,0,Stopped moving as soon as telepp started,,Dock,8,,true,false,0,0,0,0,0,disabled right after auto
114,aarav,qm21,red,,8590,true,2H,0,true,,None,,5H|2H,0,,Dock,None,,,false,false,0,0,20,1,1,
115,Hannah,qm21,blue,,9235,false,,0,true,,,,1Lcube|5M|5H|8M,0,,Engage,Engage,,,false,false,0,0,0,0,3,
116,Blen Shiferaw,qm21,red,3,5841,false,,0,true,,,out of community ,,0,struggling to intake from double substation ,,,,,false,false,0,0,20,1,1,
117,Rachel,qm21,blue,3,3748,true,,0,false,,None,,2M,0,,,None,,,false,false,0,0,0,0,1,
118,Neel,qm22,blue,2,686,true,5H,0,true,,None,,2H|5H|6H|7H,0,,Dock|Engage,Engage,,,false,false,0,0,0,0,2,Takes time to place pieces
119,Olivia ,qm22,blue,,7770,true,,0,true,,,,6Lcube|8H|9Lcube,0,,,,,,false,false,0,0,0,0,1,
120,Rachel,qm22,blue,3,6504,true,,0,false,,None,,3H|4M,0,,Dock|Engage,Engage,2.3,,false,true,0,0,0,0,1,
121,Joshua,qm22,red,2,8726,true,,1,true,,None,,2Lcone|1Lcone,1,Weak grip on cones,,None,7,,false,false,40,3,40,1,2,
122,Blen Shiferaw,qm22,red,3,1719,true,,1,true,,,set up in the wrong direction ,6H|4M|1H,0,,Engage,None,,slipped off at the end ,false,false,0,0,0,0,2,
123,aarav ,qm22,red,,9033,false,2H,0,true,,,,5H|3H,0,,,None,,,false,false,0,0,0,0,0,
124,Agneya,qm23,red,,6882,false,,0,false,,None,spun around,,0,,,Parked,,,false,false,40,2,0,0,1,
125,Neel,qm23,blue,2,4541,true,9H,0,true,,None,,7H|8Lcone,0,,,Parked,,,false,false,0,0,0,0,2,
126,Joshua,qm23,red,2,3361,true,8H,0,true,,Engaged,Very slow elevator,6H,0,,Engage,Dock,16,Got pushed off by 116| bad coordination,false,false,60,4,40,4,2,Highly inefficient elevator| easily drops cones 
127,Blen,qm23,red,3,116,true,5Lcone,0,true,Engage,Docked,,9Lcone|9H|3Lcube,1,,Engage,None,,they were struggling to get on with robots already engaged ,false,false,0,0,0,0,3,
128,Hannah,qm23,blue,,2186,false,,0,true,Dock,Docked,,8H,0,grippers hard to line up ,Engage,Engage,14.7,,false,true,0,0,0,0,2,
129,Nicole,qm23,blue,3,612,false,,0,true,,,Moved to center| didn't do anything else,1Lcube|2Lcube|3Lcone|8Lcone,1,Did not use upper part of robot until end of gameOnly scored by pushing stuff into grid1 miss - put two things in one grid,,None,,,false,false,0,0,60,4,3,Controlled driving| robot can't seem to go faster without tipping overMedium speed ish? Slower than our bot but not the slowest
130,Olivia ,qm24,blue,,620,true,5Lcone,0,false,Engage,Engaged,,2M|2H|5H|8H,1,,Engage,Engage,5.6,,false,false,0,0,0,0,3,
131,Joshua,qm24,red,2,2988,true,,1,true,, ,,9Lcube|8Lcone|7Lcube,0,,Dock,None,9,,false,false,20,2,40,3,3,Poor collection of cubes
132,Agneya,qm24,red,,4099,true,4H,0,false,Dock, ,,6H|5Lcube|4Lcube,1,we fast but cube gripper is trash bruh,,,1,didnt engage,false,false,0,0,40,3,5,
133,Blen,qm24,red,3,339,false,,0,true,,,,8Lcube|7Lcube,0,,,,,,true,false,0,0,40,2,2,
134,Nicole,qm24,blue,3,5243,true,2Lcube,0,false,,,,,0,,Dock|Engage,Engage,1.4,Got into charging station relatively fastNo tipping,false,false,0,0,0,0,2,Did not seem to have an idea how to playMostly shifted around the middleNo upper robot functionality
135,Blen Shiferaw,qm25,red,3,2961,false,,0,true,,,,,0,drive train started to slow down a lot ,,,,,false,false,0,0,0,0,1,
136,Palak,qm25,blue,2,623,false,,0,true,Dock|Engage,Engaged,,4M|6M|9Lcube,0,,Dock|Engage,Engage,,,false,false,0,0,0,0,4,
137,Hannah,qm25,blue,,3793,true,2Lcube,0,true,,,,5M|8H,0,slow drive ,,,,,false,false,0,0,0,0,1,
138,Rachel,qm25,blue,3,1418,true,9H,0,true,,None,,2H|3H,0,,Dock|Engage,None,,tipped over,false,true,0,0,0,0,0,
139,Joshua,qm25,red,2,1727,true,4H,0,false,Dock,Docked,,9H|8H|7H|6H|5H|3H|2H|1H,0,,Engage,Dock,3,Got knocked off by 9072,false,true,40,3,60,5,5,Exceptional driving| very efficient movements| seem to only defend if other person is on their way to scoring. 
140,Agneya,qm25,red,1,9072,true,,1,true,,,,9Lcone,1,,Engage,Dock,1,,false,false,0,0,0,0,5,really fast robot and cycles
141,Olivia ,qm26,blue,,2421,true,9Lcube,0,false,,,,1Lcube|5H,0,,Engage,Engage,4.3,,false,true,0,0,60,1,1,
142,Rachel,qm26,blue,3,8592,true,6H,0,true,Dock|Engage,Engaged,,1H|2H|3H|4H|9Lcube,0,collecting all cubes and bringing it to their community,Dock|Engage,Engage,5,,false,false,0,0,0,0,4,
143,Blen Shiferaw,qm26,red,3,8230,false,5H,0,true,,,,9Lcube|8M|7Lcube|6Lcube,2,,Engage,Engage,,,false,false,0,0,0,0,4,
144,Joshua,qm26,red,2,5587,true,1Lcube,0,false,,Docked,,,1,Coasted for most of the match aftee dropping a cone,Engage,Engage,13,Got pushed off,false,true,20,1,40,3,1,
145,Agneya,qm26,red,,4638,false,,0,true,,,,,0,,Dock|Engage,Engage,4.5,,false,false,20,2,0,0,1,very slow no scoring
146,Palak,qm27,blue,2,5115,true,8H,0,true,,None,,6H|7H|9H,0,,Dock|Engage,Engage,,,false,false,0,0,0,0,5,
147,Agneya,qm27,red,,1389,true,8H,0,true,Dock|Engage,Engaged,,6H|4H,0,,Dock|Engage,Engage,3,,false,false,0,0,0,0,4,
148,Hannah,qm27,blue,,9235,true,8H,0,true,,,,2M|2H,0,,Engage,Engage,8.4,,true,false,0,0,0,0,2,
149,Joshua,qm27,red,2,3373,true,5M,0,true,, ,,8H|6Lcone|5M,0,Very inefficient at grabbing cones| cubes from station,Engage,Engage,4,Triple engage success,false,false,0,0,20,3,2,Poor efficiency| took way too long to get a cone/cube
150,Nicole,qm27,blue,3,1915,true,5Lcube,0,true,,,,1Lcube,1,Pushed purple block in with bumper but it rolled out - missTop not functioning,,None,,,false,false,20,1,0,0,2,Attempted defense by blocking and probably blocked for about a second
151,Blen Shiferaw,qm27,red,3,4472,false,,0,true,,,,9H|3H|2H|1H,1,,Engage,Engage,2.3,,false,false,0,0,0,0,4,
152,Agneya,qm28,red,,7770,true,,0,false,,,,8H|2H,1,,,,,,false,false,0,0,0,0,2,
153,Blen Shiferaw,qm28,red,3,4541,true,9H,0,false,,,,7H|6Lcone|4Lcone,0,they got a cone stuck in the feeder ,Engage,Engage,3,,false,false,0,0,0,0,3,
154,Palak,qm28,blue,2,686,false,,0,true,,None,,6H,0,,,Dock,,,false,false,0,0,0,0,3,
155,Olivia ,qm28,blue,,2849,true,9Lcube,0,true,,,,9Lcone,1,Takes a while to pick up pieces ,,,,,false,true,0,0,0,0,1,
156,Joshua,qm28,red,2,620,true,,0,false,Engage,Engaged,,6M|5Lcone|4Lcone|4M|3Lcone,0,Unstable driving| almost fell over several times ,Engage,Engage,3,,false,true,20,2,60,5,4,Good dodging| a bit sketchy when it came to collecting cubes and cones
157,Nicole,qm28,blue,3,6882,false,,0,false,,,Spun around but didn't do much else,,0,Spun around middle of field not doing muchNo intake or not funct I think,Dock|Engage,None,11.3,Engaged for a bitDocked but then slid offTriple attempted,false,true,0,0,0,0,1,Spun around center cluelessly
158,Neel,qm29,blue,2,1418,false,,0,false,,,Fell over,,0,,,None,,,false,true,0,0,0,0,0,Fell over
159,Agneya,qm29,red,,2186,false,,1,true,Dock,Docked,,7Lcube,1,,Dock|Engage,Engage,11,,false,false,0,0,0,0,1,
160,Rachel,qm29,blue,3,9072,true,1Lcone,0,false,,None, ,6Lcone,0,,,None,,,false,true,0,0,0,0,0,very tippy and slow
161,Blen Shiferaw,qm29,red,3,339,false,,0,true,,,,5Lcube|5M,0,,,None,,not enough space for it to go on,false,false,0,0,0,0,3,
162,Hannah,qm29,blue,,2988,true,8Lcone,0,true,,,,7Lcube|9Lcube,0,,Dock,None,,,true,false,0,0,0,0,1,
163,Joshua ,qm29,red,2,8726,true,,1,false,,Engaged,Stalled into wall while teyong to score| broke claw,,0,Good defense| claw was unllugged in auto,,,24,,false,false,100,4,0,0,5,Broken claw| however good defense made up for it| several impacting pins
164,Olivia ,qm30,blue,,1727,true,6H,0,true,Dock,Docked,,1H|2H|3H|4H|5H|6H|9H,0,,Engage,Engage,6,,false,false,0,0,0,0,5,
165,Xael,qm30,red,,2421,true,2H,0,false,,,,6Lcube,1,,Dock,Dock,3.4,,false,false,20,1,0,0,1,they spent a majority of time wondering around the center not sure what they were trying to accomplish
166,Blen Shiferaw,qm30,red,3,3361,true,8H,0,true,,,,3H,0,,Dock,None,,struggling to balance,false,false,0,0,0,0,3,no defense whatsoever 
167,Joshua,qm30,red,2,6504,true,,0,false,Dock,None,,6Lcube|6H|4H|3H,0,Literally jumped off pad| appeared to have damaged drivetrain,Dock,Dock,3,Entire team ignored the charging station,false,true,20,2,40,3,1,
168,Palak,qm30,blue,2,3748,false,,0,false,,,,,0,,,None,,,false,false,20,1,0,0,1,
169,Rachel,qm30,blue,3,3793,true,8H,0,true,,None,,,0,,,Parked,,,false,true,0,0,0,0,0,tank drive was slow
170,shayaan,qm31,blue,2,8197,false,,0,false,,None,,,0,,Dock|Engage,Engage,7,,true,false,0,0,0,0,1,
171,Vibhi ,qm31,red,3,1915,false,,0,true,,None,,,0,,Engage,Engage,7,,false,false,80,4,0,0,4,
172,Sophia T,qm31,red,2,2961,false,,0,true,,None,,,0,,,None,,,false,true,0,0,0,0,1,slow| drives in circles| lots of mech issues
173,Saragha,qm31,red,,623,true,7M,0,false,Dock|Engage,Engaged,,8Lcone|7Lcone|5Lcube|2Lcube|1Lcube,0,Knock over all cones,Dock|Engage,Engage,6,,false,false,0,0,0,0,3,
174,Suhani,qm31,blue,,4638,true,5Lcube,0,true,,None,,4Lcube,0,Scored by pushing cubes; tipped over,,,,,true,true,0,0,0,0,1,
175,Nicole,qm31,blue,3,1719,true,8H,0,true,,,,,0,Singular pole mechanism gripperNot very secure gripping and lots of dropping,Dock|Engage,Engage,22.8,8197 held onto one side to stabilize charging stationHad to move to other side to get on,false,false,0,0,40,2,3,Got blocked often
176,Sydney,qm32,red,3,4099,true,4H,0,false,Engage,None,,9Lcube|8Lcube|6H|5Lcube,0,,Engage,Engage,7,,false,false,0,0,0,0,4,
177,Sophia T,qm32,red,2,5243,true,2Lcube,0,true,,None,,,0,,,Engage,,,false,false,100,3,0,0,3,
178,Nicole,qm32,blue,3,1885,true,1Lcone,0,true,,,,2Lcone|3Lcone,0,Seems like there's no top functionJust intaking through bottom and pushing into bottom grid,Dock|Engage,Engage,9.1,,false,false,0,0,0,0,3,
179,Suhani,qm32,blue,,5587,true,,0,true,,None,,8Lcube|8M,0,,Dock|Engage,Engage,18.6,,false,true,0,0,0,0,2,
180,Saragha,qm32,red,,3373,true,8M,0,false,,None,,8H|5H|2H,0,,Dock|Engage,Engage,13,,false,false,0,0,0,0,2,
181,Xael,qm32,blue,2,8592,true,6H,0,true,Dock|Engage,,scored and collected a second game piece,1Lcone|2H|3H|4H|5H|7H|8H,1,almost never misses and scores a lot ,,None,,,false,false,0,0,40,5,5,incredible driving similar style to ryan where they spin to win
182,Agneya ,qm33,blue,2,9033,true,8H,0,true,,,,7H|9M|9H,0,,Dock|Engage,Engage,3,,false,false,0,0,0,0,5,medium speed robot and good double sub intake
183,Suhani,qm33,blue,,5115,true,6Lcube,0,true,,None,,6H,0,Dropped cone 4 times (difficult intake); only intake from double substation,Dock|Engage,Engage,10.4,Smooth dock and engage,false,true,0,0,0,0,2,
184,Saragha,qm33,red,,612,false,,0,false,,,,8H|2M|2H,1,,Dock|Engage,Engage,9,,false,false,0,0,0,0,1,Slow
185,brandon,qm33,blue,3,4472,true,1Lcone,0,true,,,,1H|2H|3H|4H|5H,0,,Engage,Engage,6,,false,false,0,0,0,0,4,banger scoring
186,Sydney,qm33,red,3,8230,true,5H,0,false,Engage,Engaged,,9Lcube,0,Throws cubes but pops them too early sometimes ,,None,,,false,false,0,0,0,0,3,Sometimes goes at the cubes in the wrong way
187,Sophia T,qm33,red,2,116,true,1Lcone,0,true,,None,,,0,,Engage,None,7,,false,true,80,3,0,0,3,
188,Agneya,qm34,blue,2,2186,false,,0,false,,,,8Lcube,0,,Dock|Engage,Engage,2,,false,false,0,0,0,0,3,
189,Saragha,qm34,red,,8590,true,5H,0,false,,None,,,0,,,None,,,false,true,0,0,0,0,1,Drivetrain issyes
190,Suhani,qm34,blue,,1418,true,6H,0,false,Dock|Engage,Engaged,,7H|8H|9H,0,Dropped intake cube from substation,Dock|Engage,Engage,9.0,,false,false,0,0,0,0,5,Smooth driving
191,Sydney,qm34,red,3,3793,true,1Lcube,0,true,,None,Crashed into alliance member ,3Lcube|2M|2H,0,Bad intake,Engage,None,,Knocked another robot off in attempting to get on the charge station,false,true,0,0,0,0,2,
192,Sophia T,qm34,red,2,6504,true,,0,true,,None,,5M,1,,Engage,None,10.3,knocked off charge station by 3793| conssitent with mid tier,false,true,20,1,20,1,2,
193,Sydney,qm35,red,3,8726,true,,1,true,,None,,9Lcone|8Lcube|7Lcube|3Lcube|2Lcube,0,,Engage,Engage,12,,false,false,0,0,0,0,3,
194,Suzy,qm35,red,2,1915,true,,1,true,,None,,5Lcube|1Lcube,0,,Dock|Engage,None,18.3,,false,false,80,4,0,0,4,drove fast despite tall
195,Nicole,qm35,blue,3,2849,true,2Lcube,0,true,,,,,0,,Dock|Engage,Engage,10,,false,false,0,0,20,2,0,Not much function up top
196,Saragha,qm35,red,,686,false,5H,0,false,Dock|Engage,Engaged,,6H|4H|3H,0,,Dock|Engage,Engage,10,,false,false,0,0,0,0,3,
197,Suhani,qm35,blue,,1389,true,5H|7H|8H|9H,0,true,Dock|Engage,Engaged,,4H|6H|7H|8H|9H,0,Smooth intake and outtake,,None,,No endgame attempt to dock,false,false,0,0,60,5,0,Avoided defense; smooth driving and accurate cone and cube placement
198,Agneya,qm35,blue,2,4638,true,1Lcube,0,true,,,,,0,,Dock|Engage,Engage,8,was off for a long time after auto but came back to life,true,false,0,0,0,0,4,
199,brandon,qm34,blue,3,5841,true,,1,true,,,,9Lcube,0,,,,,,false,false,0,0,0,0,0,bumper fell off
200,Aran,qm36,blue,,1727,true,6H,0,true,Dock|Engage,Engaged,,2H|3H|4M|4H|5H|9M|9H,0,,Dock|Engage,Engage,,,false,false,0,0,40,3,5,
201,Agneya,qm36,blue,2,7770,false,9Lcube,0,true,,,,,0,scored nothing ,,None,,,false,false,0,0,60,1,0,
202,brandon,qm36,blue,3,3361,true,,1,false,,,,2H|3H,0,,Dock|Engage,Engage,19,,false,true,60,1,0,0,2,
203,Saragha,qm36,red,,3373,true,,1,false,Dock|Engage,None,,7Lcone|2Lcube|2H,0,,Dock|Engage,Engage,6,,false,false,0,0,0,0,2,
204,Sydney,qm36,red,3,1885,true,9Lcone,0,true,,None,,8Lcone|7Lcone,0,,Engage,Engage,10,,false,false,80,2,0,0,3,They got fowls when they played defense and were often completely idle when there wasnt a bot in their area
205,Suzy,qm36,red,2,339,true,,0,true,,None,,8M|2M,0,collided with other robot and gripper broke,Engage,Engage,6.7,,false,false,100,3,0,0,4,
206,Sydney,qm37,red,3,620,true,6Lcone,0,false,Engage,Engaged,,8M|8H|5M|2H,0,,Engage,None,,,false,false,0,0,0,0,3,
207,Agneya,qm37,blue,2,9235,true,,0,false,Dock|Engage,Engaged,,3Lcone|7Lcube|8M,0,,,,,,false,false,0,0,0,0,2,
208,sarah,qm37,red,,116,true,1Lcone,0,false,,None,,7Lcone,0,,,Parked,,,false,false,0,0,0,0,2,dropped a lot of game pieces
209,Nicole,qm37,blue,3,8197,false,,0,false,,,,9Lcube,0,no top function,Dock|Engage,Parked,1,charged but touching floor with gripperstabilizing charging station which let our bot 4099 get on charged,false,false,0,0,20,2,0,
210,sarah,qm38,red,,623,false,6M,0,false,Dock|Engage,Engaged,,6Lcube|5Lcone|5M|4Lcone|4M|1M,0,,Dock|Engage,Engage,6,,false,false,0,0,0,0,4,
211,Suzy,qm38,red,2,1719,true,8H,0,true,,None,,9Lcone,1,heavy telescoping arm| could cause balance issues when extended,Dock|Engage,Engage,5.1,,false,false,0,0,0,0,3,
212,Sydney,qm38,red,3,5587,true,2Lcube,0,true,,,Went too far over into blue community and got a penalty ,,0,,Engage,Engage,6,6 seconds on their own| longer for triple engage,false,false,80,4,0,0,4,
213,Agneya,qm38,blue,2,8590,true,,0,false,,,,5H,0,,Dock|Engage,None,3,,false,false,0,0,40,1,2,
214,Nicole,qm38,blue,3,612,false,,0,false,,,,2H|3Lcube|8M|9Lcube,0,good gripperslow movements,Dock|Engage,Parked,17.5,attempted with three robots,false,false,0,0,20,2,3,relatively stable drivingslow robot
215,Aran,qm39,blue,,5841,true,,0,false,,Engaged,,2Lcube|2M,0,,Dock|Engage,Engage,,,false,false,0,0,0,0,2,
216,Sophia T,qm39,red,2,9072,true,,0,true,,None,,9Lcone|3Lcube,0,,,None,,,false,false,0,0,0,0,2,
217,Agneya,qm39,blue,2,3748,true,,0,false,,,,2M,0,,Dock|Engage,Engage,2,,false,false,0,0,0,0,1,
218,Sydney,qm39,red,3,8592,true,4H,0,false,,None,,9H|8Lcube|8H|7Lcube|7H|6H|5Lcube|5H,0,,Engage,Engage,7,,false,false,0,0,0,0,5,
219,sarah,qm39,red,,4541,true,1H,0,true,,,,3H|2Lcone|2H|1Lcube,0,,Dock|Engage,Engage,7,,false,false,0,0,0,0,3,clamping intake easy to knock out game pieces
220,brandon,qm39,blue,3,9033,true,8H,0,true,,,,6H|7H|9H,0,,Engage,Engage,4,,false,false,0,0,0,0,3,
221,Agneya,qm40,blue,2,5243,true,,0,true,,,,8Lcube,0,,Dock|Engage,Engage,5,,false,false,0,0,0,0,2,
222,Suzy,qm40,red,2,2421,true,2H,1,false,,None,,9Lcube|1Lcube,0,,Dock|Engage,Engage,13.4,,false,false,0,0,0,0,3,
223,Sydney ,qm40,red,3,8230,true,5H,0,false,Engage,Engaged,,9Lcube|8Lcube|7Lcube|6Lcube,0,,Engage,Engage,,,false,false,60,4,0,0,4,
224,sarah,qm40,red,,2961,false,,0,false,,,,,0,,,None,,,false,false,0,0,0,0,0,left side dt did not work
225,Aran,qm40,blue,,6882,true,,1,true,,,,,1,,,None,,,true,true,80,1,0,0,1,
226,brandon,qm40,blue,3,2988,true,,1,true,,,,2Lcube|3Lcube|5Lcube|6Lcube|8Lcube,0,,Dock|Engage,Engage,9,,false,false,0,0,20,1,3,
227,Arav,qm41,red,,3361,true,2H,0,true,,,,,0,Arm broke,Engage,Engage,2,,false,false,0,0,0,0,0,
228,Eckart,qm41,red,3,9235,true,8H,0,true,,,,8M|5M|2M,1,,,Engage,4.2,,false,false,0,0,0,0,3,
229,Palak,qm41,blue,2,7770,false,,0,true,,None,,5Lcube|6Lcube,0,,,None,,,false,false,0,0,0,0,3,
230,Olivia ,qm41,blue,,1418,true,6H,0,false,Engage,Engaged,,7H|8H,0,,Dock,None,5.4,Their robot fell backwards when trying to get on ,false,false,0,0,0,0,3,
231,Rachel,qm41,blue,3,339,false,,0,true,,,,2M|5M,0,bumped into side and dropped cube,Dock,None,1.5,slid off dockother bot fell and held down one side of dock leading to engage fail,false,false,0,0,0,0,2,
232,Joshua,qm41,red,2,4638,true,,1,false,Dock,Docked,Auto score corrected inteleop,5Lcube|1Lcube,0,Poor collection of cubes| robot broke midway,,Engage,15,Ended up parked in zone,false,false,60,4,40,4,2,Robot stalled midway a mentioned above. Decent defense managed to delay enemy
233,Arav,qm42,red,,6197,false,,0,false,,None,,,0,Dead,,None,,,true,false,0,0,0,0,0,
234,Eckart,qm42,red,3,623,true,6M,0,false,Engage,Engaged,,9M|8Lcube|7M|5M|4M,0,,,Engage,6.4,,false,false,0,0,0,0,5,
235,Olivia ,qm42,blue,,1389,true,,0,false,Engage,Engaged,,5Lcube|5H|6Lcube|7Lcube,1,,Engage,Engage,5.5,,false,false,0,0,0,0,2,
236,Palak,qm42,blue,2,8590,false,,0,true,,None,,1H,0,,,None,,,false,true,0,0,0,0,3,
237,Joshua,qm42,red,2,1727,true,9H,0,true,,None,,9H|7H|6H|5M|5H|4H,0,,Engage,Engage,2,,false,false,60,5,40,5,4,Extremely talented driving| only defend when on their way back to maximize efficiency 
238,Nicole,qm42,blue,3,4099,true,1H|2H,0,true,,,two items scored,3H|4H|6H|7Lcube|7H|8Lcone,0,one missed but it fell to 8Lvery accurate and good grippingall systems functional this time i hope,Dock|Engage,Engage,1.3,two robots engaged,false,false,0,0,0,0,5,very fast and controlled driving
239,Arav ,qm43,red,,3793,true,5H,0,false,,None,,8H|2H,0,,,None,,,false,true,0,0,0,0,4,
240,Eckart,qm43,red,3,1915,true,,0,true,,,Dropped cube immediately,,0,Only played defense and moved all game pieces to alliance side ,,Engage,10.0,Waited for alliance partner to come on,false,false,100,2,0,0,2,
241,Joshua,qm43,red,2,9072,true,,1,false,,None,,9Lcube|8Lcone|7Lcone,0,Poor counter defense| struggled to pick up cubes,Engage,Engage,24,,false,false,20,1,80,1,2,Struggled to counter defend| kept losing ground and dropping cones
242,Olivia ,qm43,blue,,5587,true,9Lcube,0,true,,,,4Lcone|5Lcone|6Lcone|8Lcube,1,,Engage,Engage,10.4,,false,true,80,4,0,0,1,
243,Nicole,qm43,blue,3,620,false,,0,false,,,,,0,,Dock|Engage,,7.7,robot is one of the smallestthree robots engaged,false,false,0,0,0,0,2,miscommunication while loadingperson was telling them to rotate but the driver did not rotate
244,Palak,qm43,blue,2,612,false,,0,true,,None,,,1,Had hard time picking up cones ,Dock|Engage,Engage,,,false,false,0,0,0,0,3,
245,Arav,qm44,red,,6504,true,,0,false,Engage,Engaged,,4H|2M,1,,,,12.3,,false,false,0,0,0,0,3,
246,Olivia ,qm44,blue,,2849,true,5Lcube,0,true,Engage,Engaged,,,0,Got disabled for reaching over to the referee stand ,,,,,true,false,0,0,0,0,1,
247,Rachel,qm44,blue,3,2421,true,,1,true,,None,,,0,,Dock|Engage,Engage,2.1,,false,true,100,3,0,0,2,
248,Eckart ,qm44,red,3,6882,false,,0,false,,,Moved but opposite direction of mobile ,,0,,,Parked,0.0,Not enough space on charge station for it,false,false,100,1,0,0,4,Caused a penalty against the other team
249,Palak,qm44,blue,2,2988,false,,0,false,,,,7Lcone|8Lcube,1,,,None,,,false,false,0,0,0,0,2,
250,Joshua,qm44,red,2,5115,true,,1,true,,None,,9H|8Lcube|7H,0,Difficulty placing cones on top| but good xorrdinarion with station teammates .Broke claw while scoring,Engage,Engage,4,,false,false,60,3,40,1,2,Not a lot of offense/defense| was pushed around by defenders. 
251,Eckart,qm45,red,3,3748,true,,0,false,,None,Idle,5M|2M,0,,Dock,None,16.3,Fell at the end,false,true,0,0,0,0,2,
252,Rachel,qm45,blue,3,4472,true,1H,0,false,,None,,2H|3H|4H|6H,0,,Dock|Engage,Dock,17.2,,false,true,0,0,0,0,3,
253,Olivia ,qm45,blue,,8230,true,5H,0,true,Engage,Engaged,,,2,,Engage,Dock,21.9,,false,false,60,3,0,0,3,
254,Joshua,qm45,red,2,1719,true,8H,0,true,,Docked,,9Lcone|9M,0,Weak claw| kept dropping cubes whenever pushed| even when not. Lots of time wasted trying to get cones from station,Dock,Dock,20,3748 fell over while trying to balance,false,false,20,1,80,1,2,Not very good driving| managed to contribute some progress but overall struggled against defense| could have had better coordination 
255,Arav,qm46,red,,5243,true,2Lcube,0,true,,,,6Lcone,0,,Engage,Engage,2,,false,false,0,0,0,0,2,
256,Eckart ,qm46,red,3,2186,false,,0,true,Engage,Engaged,,,0,Trouble intaking from double substation ,,Engage,10.1,,false,false,80,1,0,0,0,Only got penalties
257,Palak,qm46,blue,2,3373,false,,0,false,,,,2H|5H|8M,0,,Dock|Engage,Engage,,,false,false,0,0,0,0,5,
258,Rachel,qm46,blue,3,686,true,5H,0,true,Dock|Engage,Docked,,4H|6Lcone|6H,1,,Dock|Engage,Engage,5,,false,false,0,0,0,0,3,
259,Hannah,qm46,blue,,4541,true,1H,0,true,,,,1H|9H,0,,Engage,Engage,14.6,,false,false,0,0,0,0,2,
260,Joshua,qm46,red,2,9033,true,8H,0,true,,None,,,1,Good speed| maneuverability. Stalled while tryijg to score 1H. Was stuck for entire match as they fell over ,Engage,Parked,5,Was not helped back up| could not help in charge station,false,true,0,0,20,2,1,Recurved yellow ard
261,Eckart,qm47,red,3,8726,false,9H,0,true,,None,Missed intake,,0,,,None,3.3,Could not go up ramp,false,false,100,1,0,0,3,Could not touch 8592 and racked up penalties
262,Arav,qm47,red,,1727,true,4H,0,true,Engage,Engaged,,8Lcube|8H|7Lcube|7H|6H|5H,1,,Dock|Engage,Dock,5,,false,false,0,0,0,0,2,Tended to drive into alliance| but their partner was like that too
263,Joshua,qm47,red,2,5841,true,,1,false,,None,Robot broke :( Froze| dropped cube and remained srill,,0,,,Engage,3,Did not participate,true,false,0,0,0,0,0,Did not disable even though they stopped moving 
264,Rachel,qm47,blue,3,620,true,,1,true,Dock|Engage,Engaged,,2H|5Lcube|5H,0,,Dock|Engage,Engage,5.1,tank drive| pretty slow cycling,false,false,0,0,0,0,3,
265,Hannah,qm47,blue,,2961,false,,0,false,,,,3Lcone|9Lcone,0,can only push game pieces ,,,,,false,true,0,0,0,0,1,
266,Neel,qm48,blue,2,612,true,2Lcube,0,true,,None,,2M|2H|5H,1,,Dock|Engage,Engage,,,false,false,0,0,20,1,3,
267,Eckart,qm48,red,3,6504,true,,0,true,,,Dropped cube immediately ,9M|7Lcone,0,,,Parked,9.7,Cone stuck underneath launched them out,false,false,80,2,0,0,2,
268,Rachel,qm48,blue,3,9072,true,,0,true,,None,,8Lcone,2,,,None,,,false,true,0,0,0,0,1,
269,Arav,qm48,red,,1389,true,5H,0,true,Dock|Engage,Docked,,3H|1Lcone|1H,1,,Dock,Engage,,,true,false,0,0,20,2,2,
270,Hannah ,qm48,blue,,6882,false,,0,true,,,,,0,,Engage,Engage,14.6,,false,false,100,2,0,0,2,
271,Joshua,qm48,red,2,2988,true,,1,true,,None,Went to mid section at end,5Lcone|3Lcone,0,Pushed into blue while trying to defendAccomplishes essentially nothing aside from scoring above| any defending delays countered by penalty,,Dock,6,Did not participate| tried to score but didn't get back in time,false,false,80,1,20,1,2,Overall mediocre performance| did score a couple but low efficiency paired with poor defense = :(
272,Rachel,qm49,blue,3,2849,true,2Lcube,0,true,,None,,2M|2H|8H,0,,Dock|Engage,Engage,6.9,very slow,false,true,0,0,0,0,1,
273,Eckart,qm49,red,3,8590,false,2H,0,true,,None,,8M|5H,0,,,Parked,14.6,Not able to get up the ramp,false,false,0,0,20,1,0,
274,Shashwat,qm49,red,,8590,true,2H,0,true,,None,,8M|5H,0,,,Parked,,,false,false,0,0,0,0,2,
275,Neel,qm49,blue,2,8230,true,5H,0,true,Dock|Engage,Engaged,,,0,Essentially shoots cubes to the community ,Dock|Engage,Engage,,,false,false,0,0,0,0,4,
276,Hannah,qm49,blue,,1915,false,,0,true,,,,9Lcube,0,knocked hard into another robot and stopped moving ,,,,,false,false,20,1,0,0,2,looked like they were trying to defend but stopped both robots 
277,Joshua,qm49,red,2,1885,true,6Lcone,0,false,Dock,Docked,,5Lcone|4Lcone|4H,0,Took out 1915 in a ram| but broke along with them. IMO not a good trade| but before that exceptional defense. No way to score higher levels| maybe it ,,Dock,8,Was stuck on other side ,true,false,80,5,20,5,4,Only a 3 in driving bc they broke robot
278,Rachel,qm50,blue,3,3748,true,,0,false,,None,,2M|5M|8M,0,,,Parked,,,false,false,0,0,0,0,0,intake is very slow| no swerve
279,Arav,qm50,red,,5115,true,,1,false,,,,3H|2H|1H,0,,Engage,Engage,2.9,,false,false,0,0,0,0,4,
280,Hannah,qm50,blue,,5243,false,5Lcube,0,false,Dock,Docked,,3Lcube|4Lcone|6Lcube,0,push bot,Engage,Engage,7.4,,false,false,0,0,0,0,2,
281,Neel,qm50,blue,2,9072,true,,0,true,,None,,2Lcube,0,,Engage,Parked,,,false,true,0,0,40,2,1,
282,Joshua,qm50,red,2,116,true,9Lcone,0,false,Dock,Docked,,7H,0,Very poor defense| many opportunities to delay and pin or stall enemy team and ran away| giving away cubes/cones,Engage,Engage,5,Good engagement strategy| gave tilt towards teammate to make it easier for them to board the lefer,false,false,20,1,80,1,1,Pushed around a lot| hurt overall performance
283,Eckart,qm50,red,3,7770,true,9Lcube,0,true,,None,,8Lcube|8H|7Lcube,1,,,Parked,,,false,false,0,0,0,0,3,
284,Sophia T,qm51,red,2,686,true,5H,0,true,Engage,Engaged,,7H|6H|4H|3H,1,,Engage,None,,,false,false,0,0,0,0,4,
285,Aran,qm51,blue,,5841,false,,0,false,,,,,0,WSDNT HERE,,,,,false,false,0,0,0,0,0,DIDNT SHOW UP
286,Sydney,qm51,red,3,2186,true,,1,true,,None,,8Lcone,0,,Engage,None,,,false,false,40,2,0,0,3,
287,brandon,qm52,blue,3,4638,false,,0,true,,,,2Lcube|4Lcube,0,,Engage,Engage,4,,false,false,40,1,0,0,0,pushbot and defense
288,sarah,qm52,red,,9235,true,5H,0,false,Dock,None,,5M|2M|2H,0,,Dock|Engage,None,,,false,false,0,0,0,0,1,
289,Aran,qm52,blue,,8726,true,9Lcone,0,true,,None,,5Lcube,0,Push bot,,None,,,false,true,60,1,0,0,1,
290,Sophia T,qm52,red,2,9033,true,5Lcube,0,true,Engage,None,,,1,,Engage,None,,,false,false,0,0,0,0,3,
291,Sydney,qm52,red,3,5587,true,,1,false,,None,,8Lcube,0,,,None,,,false,true,80,3,0,0,3,
292,Agneya,qm52,blue,2,1418,true,6H,0,true,Dock|Engage,Engaged,,5H|8Lcube,0,,Dock|Engage,Engage,,,false,false,0,0,0,0,3,
293,Sydney,qm53,red,3,4541,true,,0,false,,None,,9H|7H|6H,0,Slow intake from double substation ,Engage,Engage,8,,false,false,0,0,0,0,2,
294,Saragha,qm53,red,,2421,true,,0,false,,None,,6Lcube,1,,Dock|Engage,Engage,10,Triple engage,false,true,0,0,0,0,2,
295,Agneya,qm53,blue,2,4099,true,1H|2H,0,true,,None,,3H|4H|7M|7H|8M,0,,Dock|Engage,Engage,2,WE FINALLY GOT NO ISSUES,false,false,0,0,0,0,5,
296,Sophia T,qm53,red,2,3793,true,5H,0,true,,None,,8H|2H,0,,Engage,Engage,18.9,,false,false,40,3,20,2,2,
297,Nicole,qm53,blue,3,2961,false,,0,true,,,,,0,,,None,,,false,true,0,0,0,0,1,tipped around middle a tonmaybe grabbed some cones but didnt seem to have a good way of getting them out
298,Saragha,qm54,red,,8592,true,4H,0,true,Dock|Engage,Docked,,6Lcube|5M|5H|4Lcone|3Lcube|2Lcube|1Lcube|1H,1,,Engage,Engage,2,,false,false,0,0,0,0,5,
299,Sophia T,qm54,red,2,6882,false,,0,true,,None,,,0,,,None,,,false,false,100,4,0,0,3,
300,Sydney,qm54,red,3,1727,true,9H|7Lcone,0,true,,None,,9Lcube|8Lcube|8H|7Lcube|7H|6H|3H|2H,0,,Engage,Engage,5,,false,false,0,0,0,0,5,
301,Nicole,qm54,blue,3,2849,true,2Lcube,0,true,,,,5M,0,,,None,,,false,true,0,0,0,0,1,very long arm unstable
302,Aran,qm54,blue,,623,true,4M,0,true,Dock|Engage,Engaged,,1M|4M|6M,0,,Dock|Engage,Engage,,,false,false,0,0,0,0,2,
303,Agneya,qm54,blue,2,116,false,,0,true,,,,3H|7H,0,,Dock|Engage,Engage,4,,false,false,0,0,0,0,0,
304,Saragha,qm55,red,,8197,false,,0,true,,,,1Lcone|8Lcube,2,,,Parked,,,false,false,0,0,0,0,2,
305,Sophia T,qm55,red,2,339,false,,0,true,,None,,4Lcone|3Lcube,0,,Engage,Engage,10.7,,false,true,80,3,0,0,2,
306,Sydney,qm55,red,3,612,true,,0,false,Engage,Engaged,,8M|8H|6Lcube|5H,0,,Engage,Engage,10,,false,false,0,0,40,1,3,
307,Agneya,qm55,blue,2,5841,false,,0,true,,,,,0,,Dock|Engage,None,,,false,false,0,0,0,0,0,really bad bot slow speed and no scoring
308,brandon,qm55,blue,3,1389,true,5H,0,false,,,,2M|5Lcone|5M,0,,Engage,Engage,5,,false,false,0,0,0,0,2,
309,Suzy,qm56,red,2,7770,true,9Lcube,0,true,,None,,8Lcube|8M,0,,Dock,None,10,,false,true,0,0,20,1,3,
310,Saragha,qm56,red,,5243,true,,0,false,,,,5Lcube|3Lcube|1Lcube,1,,,None,,Pushed their teammate up,false,false,0,0,0,0,1,
311,Agneya,qm56,blue,2,1915,true,,0,true,,,,,0,,Dock|Engage,Engage,4,,false,false,100,3,0,0,2,
312,Sydney,qm56,red,3,5587,true,,1,true,,None,,1Lcube,0,Got damaged - very slow because of it,Engage,Engage,20,Got pushed onto the charge station,false,true,0,0,0,0,3,
313,Aran,qm56,blue,,6504,true,,0,true,Dock|Engage,Engaged,,4H|9H,1,,Dock,None,,,false,true,0,0,0,0,1,
314,brandon,qm56,blue,3,1719,true,2H,0,false,,,,1Lcone|1M|3H,0,,Dock|Engage,Engage,9,,false,false,0,0,0,0,4,
315,Eckart,qm15,blue,2,623,false,5Lcube,0,true,,None,Failed auto engage,1Lcone|2Lcube|3Lcube|8Lcube,1,Spinjutsu drivetrain,Dock|Engage,Engage,10.4,,false,false,0,0,0,0,5,
316,Shashwat,qm37,red,2,4472,false,7H,0,true,,None,,6H|5H,2,,Engage,Dock,6.8,,false,false,0,0,0,0,3,
317,Shayaan,qm55,blue,,1885,false,1Lcone,0,true,,None,,2Lcone|2H|3Lcone|7Lcone|8Lcone,0,,Dock|Engage,Engage,13.2,,false,false,0,0,20,2,2,
318,Eckart,qm15,blue,,3373,true,,0,false,,None,Idle,8M|9Lcone,0,,,Parked,,Space too full to put on charge station ,false,false,0,0,20,1,2,
319,Shashwat,qm24,blue,2,1885,false,9Lcone,0,true,,None,,1Lcone,0,,,None,,,false,false,80,2,20,3,3,
320,Eckart,qm11,blue,,4541,true,,0,false,,None,Failed using arm,8Lcone,0,,,None,19.1,Slipped off at the end,false,false,0,0,0,0,1,
321,Shashwat,qm20,blue,,1915,false,,0,false,,None,,8Lcone,0,,,None,,,false,false,60,3,40,3,2,
322,shayaan,qm53,blue,,4472,false,6H,0,false,Dock|Engage,None,,5H|8H|9M,0,,Dock|Engage,Engage,11.4,,false,false,0,0,20,1,3,
323,Eckart,qm51,blue,2,8197,false,,0,true,,None,,1Lcube|2Lcube|9Lcone,1,,Dock|Engage,Engage,13.7,,false,false,0,0,0,0,2,
324,shayaan,qm51,red,,1719,false,2H,0,false,,None,tried to go mobile hit cable protector,,1,struggling to intake,Dock|Engage,Engage,10.9,,false,false,0,0,40,1,1,
325,Eckart,qm51,blue,3,3373,false,5M,0,false,Dock|Engage,Docked,,4M|9Lcone,0,,,Engage,12.0,Waited a while for other team to come on,false,false,0,0,0,0,2,
326,shayaan,qm10,red,,1418,false,9H|8H,0,true,,None,,3H|1H,1,,Dock|Engage,Engage,11,tried to triple disable couldnt,false,false,0,0,0,0,3,
327,aarav,qm36,,,5115,false,,0,true,,,,2H,0,,Dock|Engage,Dock,,,false,false,40,1,0,0,0,
328,aarav,qm45,,,1885,false,,0,true,,,,1Lcone|3Lcone,0,,Dock,None,,,false,false,0,0,20,2,1,
329,Sydney,qm57,red,3,9072,true,,0,false,,None,,9Lcube|8Lcone|3Lcone,0,,,Parked,,,false,false,0,0,0,0,3,Very slow
330,Agneya,qm57,blue,2,9235,true,8H,0,true,,,,2M|5M,0,,,None,,,true,false,0,0,0,0,2,
331,Saragha,qm57,red,,8230,true,5Lcube,0,false,Dock|Engage,Engaged,,2Lcube,0,Throw cubes into community zone from behind charge station,Dock|Engage,None,,Smaller robot,false,false,0,0,0,0,3,Fast
332,Suhani,qm57,blue,,620,true,5M,0,true,Dock|Engage,Engaged,,5H|8M,1,Dropped a cone; somewhat reliable intake,Dock|Engage,Engage,6.8,,false,false,0,0,20,2,4,
333,Suzy,qm57,red,2,5115,true,1Lcube,0,true,,None,,9H|7H|6H|2H,0,,Dock|Engage,Dock,6.1,,false,false,0,0,40,4,4,
334,Nicole,qm57,blue,3,686,true,2H,0,true,,,Auto attempted but failed to pick up cone,1H,0,Had trouble holding onto cone and dropped it twice,Dock|Engage,Engage,2,Small bot easily made double engage,false,false,80,4,0,0,3,Managed to pin koibots to wall for some time despite being slowerCycling driving wasn't very strong
335,Sydney,qm58,red,3,3373,true,5H,0,false,Engage,None,,8M|4Lcube|2H,0,,Engage,Engage,8,Triple engage,false,true,0,0,0,0,3,
336,Agneya,qm58,blue,2,2961,false,,0,false,,,,,0,,,None,,,true,false,100,2,0,0,0,
337,Suhani,qm58,blue,,3793,true,8H,0,true,,None,,,0,Having difficulty driving (stationary) and not attempting intake,,None,,Could not attempt endgame,false,true,0,0,0,0,0,Having issues this round
338,Saragha,qm58,red,,9033,true,8H,0,true,,None,,9H|7H|6H,0,,Dock|Engage,Engage,5,,false,true,0,0,0,0,3,
339,Suzy,qm58,red,2,2988,true,2Lcone,0,true,,None,,8Lcube|3Lcube|1Lcube,0,,Engage,Engage,4.0,,false,false,20,2,0,0,4,Chopstick intake is unreliable
340,Nicole,qm58,blue,3,4638,false,,0,true,Dock|Engage,Engaged,,1Lcube|2Lcube|3Lcube|6Lcube,0,No grippers just two prongs to poke ballPlaying soccer to score,Dock|Engage,Engage,1.3,solo,false,true,0,0,0,0,3,Struggled to kick ball behind charging station for a bit but besides that they had good maneuveringVery tippy tho so they had to slow down to rebalance
341,brandon,qm59,blue,3,2421,true,1Lcube,0,false,,,,2Lcube|3Lcube,0,,Dock,Dock,,,false,false,0,0,0,0,2,
342,Suzy,qm59,red,2,4541,true,9H,0,true,,None,,7H|4H,0,,Dock|Engage,Dock,6.5,,false,false,0,0,20,2,3,
343,Sydney,qm59,red,3,8590,true,,1,true,,None,,,0,Messed up arm,,Parked,,,false,false,0,0,0,0,1,Very slow
344,Saragha,qm59,red,,1418,true,4H,0,false,Dock|Engage,Engaged,,7H|8H|9Lcube,1,,Dock|Engage,None,,,false,true,0,0,20,3,2,
345,Suhani,qm59,blue,,3748,false,,0,false,,None,,,0,No attempt to intake,Dock,Dock,23.1,,false,false,0,0,0,0,1,Very slow driving
346,Agneya,qm59,blue,2,8726,true,,1,true,,None,,1Lcube|2Lcube|8Lcube|9Lcube,0,,Dock|Engage,None,,,false,false,0,0,0,0,3,
347,Agneya,qm60,blue,2,2186,true,,0,true,Dock|Engage,Engaged,,,0,,Dock|Engage,Engage,3,,false,false,100,2,0,0,3,
348,sarah,qm60,red,,8592,true,8H|7H,0,true,,None,,9Lcone|6H|5Lcube|4Lcube|3Lcube|1M,0,,Dock|Engage,Engage,6,,false,false,0,0,0,0,5,
349,Sydney,qm60,red,3,623,true,4M,0,false,Engage,Engaged,,8Lcube|7M|6M,0,,Engage,Engage,6,,false,false,0,0,20,3,4,
350,brandon,qm60,blue,3,3361,true,8M,0,false,,,,3H|4Lcone,0,,Engage,None,18,,false,false,0,0,0,0,0,slow align
351,Suhani,qm60,blue,,4472,true,1H,0,true,,None,,2H|7H|9H,1,,Dock|Engage,Engage,13.2,Take in cones upside down,false,false,0,0,0,0,0,Smooth driving
352,Suzy,qm60,red,2,4099,true,2H|1H,0,true,,None,,9H|8Lcube|5H|4H|3H,0,,,None,,,false,false,0,0,80,4,4,
353,Arav,qm61,red,,2849,true,5Lcube,0,true,Engage,Engaged,,5H|2M|2H,0,,,,3.8,,false,true,0,0,40,3,3,
354,Olivia,qm61,blue,,339,false,,0,true,,,,5Lcube|6Lcube|7Lcube|9Lcube,0,,,,,,false,true,0,0,0,0,1,Very slow at driving
355,Blen Shiferaw,qm61,red,3,9235,true,8H,0,true,,,,6Lcube|5H,0,,,,,forgot to park ,false,false,0,0,0,0,2,
356,Joshua,qm61,red,2,5243,true,,1,true,,,Coasted| lost control into blue zone inducing a penalty,7Lcone,0,Extremely slow elevator| very susceptible to defense| poor scoring skills and low horsepower| pushed into blue charging zone when ramming 339 defense| impact caused a disable but re enabled during endgame,Dock|Engage,Engage,4,Un disabled during endgame,true,true,60,3,40,2,2,Only went for costly defense| no strategic plays aside from ramming
357,shayaan,qm62,blue,3,3793,false,8H,0,false,,None,,2Lcube|2H,0,handoff bad really slow,,None,,,false,false,0,0,0,0,2,
358,neel,qm62,blue,2,5841,true,2Lcube,0,true,,None,,,0,intake align non existing ,,None,,,false,false,0,0,0,0,0,
359,Arav,qm62,red,,686,true,5H,0,true,Engage,Engaged,,6H|4H|3H|2H,0,,Engage,Engage,3,,false,false,0,0,0,0,4,
360,Blen Shiferaw,qm62,red,3,1885,true,9Lcone,0,true,,,,8Lcone|7Lcone|6Lcube,0,,Engage,Engage,3.5,,false,false,0,0,0,0,3,
361,Olivia ,qm62,blue,,1719,true,5Lcube,0,false,Engage,Engaged,,6M|9H,0,,Dock,None,,Fell off last second ,false,false,60,2,40,2,1,
362,Joshua,qm62,red,2,4638,true,,1,false,,,Missed cube scoring| corrected in teleop ,2M,0,Wasted 30s pickup and scoring 8M| overall very slow robot with poor counter defense,,Engage,6,,true,false,60,2,40,1,1,Contributed not much| defense not very effective
363,Blen Shiferaw,qm63,red,3,5115,true,,1,true,Engage,Engaged,,9H|7H|1H,0,,Engage,Engage,6.7,,false,false,0,0,0,0,4,
364,Arav,qm63,red,,2421,true,,1,true,,,,,0,,,,7.8,,false,false,100,4,0,0,4,
365,shayaan,qm63,blue,3,116,true,2Lcone,0,false,Dock|Engage,Docked,,6H,0,intake can't rlly grip properly sometimes,Dock|Engage,Dock,10,,false,false,0,0,0,0,1,
366,Neel,qm63,blue,2,8590,true,2H,0,true,,,,2M,0,Struggling to intake,,None,,,false,false,0,0,0,0,1,
367,Olivia,qm63,blue,,8726,true,8H,0,true,,,,7Lcube|8Lcube|9Lcube,0,,Engage,Engage,8.1,,false,false,20,1,80,1,1,
368,Joshua,qm63,red,2,3373,true,8M,1,true,,,Missed too|  fell to mid,8H|5Lcube|5H,0,Good driving,Engage,Engage,5,Triple charge ,false,false,40,2,40,4,4,Good dodging
369,brandon,qm64,blue,3,1418,true,6H|8M,0,false,Dock|Engage,Engaged,,1Lcube|4Lcone,0,,Engage,None,7,,false,false,0,0,0,0,0,slow align and cone got hit out
370,Blen Shiferaw,qm64,red,3,2988,true,3Lcone,0,true,,,,8Lcone|7Lcube|4Lcube,0,got disabled| came back during endgame ,,,4.6,,true,false,0,0,0,0,2,
371,Arav,qm64,red,,7770,true,8Lcube,0,true,,,,2H,0,,,,,,false,false,0,0,0,0,3,
372,Neel,qm64,blue,2,4099,true,1H|2H,0,true,,None,,3H|4Lcone|9Lcone,1,,Engage,None,,,false,false,0,0,0,0,4,
373,Olivia ,qm64,blue,,612,true,,1,true,,,,1Lcube|5Lcube|5H|8Lcube|8H,0,,Dock,None,,Slid off trying to get on,false,false,0,0,0,0,2,
374,Joshua,qm64,red,2,8592,false,9Lcube|4H,0,false,Dock,Docked,,9H|8H|7H|5H|4H|3H|1Lcube,0,Good swerving,Engage,Engage,7,,false,false,40,4,40,5,5,Very good swerving| avoiding our defense
375,brandon,qm65,blue,3,9033,false,8H,0,true,,,,2H|5H,0,,Engage,None,13,,false,false,0,0,0,0,1,
376,Neel,qm65,blue,2,4541,true,1H,0,true,,,,3H,0,,Engage,,,,false,false,40,3,20,3,0,
377,Blen Shiferaw,qm65,red,3,2186,true,,1,true,,,,,0,,,,,bumper fell off ,false,false,100,3,0,0,3,they defended well against the rookie teams 
378,Arav ,qm65,red,,8230,true,5H,0,false,Engage,Engaged,,8Lcube|2Lcube,0,,Engage,Dock,,,false,false,0,0,80,3,4,
379,Olivia,qm65,blue,,1915,true,,1,false,,,,5Lcube,0,Only played defense ,Dock,None,,,false,true,60,2,40,2,1,
380,Joshua,qm65,red,2,1727,true,9H|7H,0,true,,,Very impressive auti,8Lcube|8H|7Lcube|6Lcube|6H|4Lcube|3H|2H|1H,0,,Dock|Engage,Dock,5,Bumper of teammate knocked off| they had to readjust,false,false,40,4,40,5,4,Very good driving| swerving to avoid contact
381,brandon,qm66,blue,3,2961,false,,0,false,Dock,None,question mark,1Lcube|9Lcube,0,,Engage,None,13,,false,true,0,0,0,0,1,kicker but more of a me than a messi
382,Hannah ,qm66,blue,,8197,false,,0,true,,,,1Lcube|5Lcube,0,can only push cubes ,Dock|Engage,Dock,12.5,,false,false,0,0,0,0,2,
383,Blen Shiferaw,qm66,red,3,620,true,,0,false,Engage,Engaged,,8Lcone|8H|5H|2H,1,,Engage,Engage,12,arm being extended made them be tippy and fallgot themselves back up again by retracting ,false,false,0,0,0,0,3,
384,Joshua,qm66,red,2,6504,true,,0,true,,,Held onto cone ,8Lcone|7Lcone,1,Dropped cube when trying to score higher| but was able to pick up fallen cubes relatively quickly. Spent most of the match running around without cubes,Dock|Engage,Engage,2,,false,true,40,2,40,2,2,Not very effective during match| switched to defense but was in the wrong positions to do so
385,Arav,qm67,red,,6882,false,,0,true,,,,,0,,,,,,false,false,100,4,0,0,3,
386,Hannah,qm67,blue,,9072,true,,0,true,,,,,0,could only score by pushing easy to defend against,Engage,Engage,3.6,,false,false,0,0,80,1,2,
387,Blen Shiferaw,qm67,red,3,4638,true,,1,false,Engage,Engaged,,8M|6Lcube|5M,0,,Engage,Engage,2.1,,false,false,0,0,0,0,2,
388,Joshua,qm67,red,2,4472,true,9H,1,true,,,,8M|8H|7H|5H,0,Took about 5 seconds to regain control| but had decent performance throughout the game,Dock|Engage,Engage,4,,false,false,40,4,40,5,5,Good driving| defended against robots gaining a rhythm
389,Xael,qm67,blue,2,623,true,6M,0,false,Dock|Engage,,,1M|3Lcone|3M|4M|5M,1,,Dock|Engage,Engage,3.2,,false,false,0,0,40,3,4,for counter defense they mainly rely on bouldering past 
390,aarav,qm68,blue,3,4099,true,6H,0,false,Engage,Engaged,,1H|2M|2H|4H|5H,0,,Dock|Engage,Dock,,,false,false,0,0,40,4,4,
391,Hannah ,qm68,blue,,5841,false,8Lcube,0,true,,,,,0,only push bot,,,,,false,false,0,0,0,0,2,
392,Arav,qm68,red,,8726,true,1H,0,false,,None,,5M|3H|2H,0,,Engage,Engage,,,false,false,20,2,0,0,3,
393,Joshua,qm68,red,2,5587,true,,0,false,,,Missed hybrid zone,8Lcone,0,,Dock|Engage,Engage,20,,false,true,80,4,0,0,4,Went full defense during the game| several good pins and knock backs 
394,Xael,qm68,blue,2,116,true,1Lcone,1,true,,,,3H|7H|9H,0,drops cargo after being bumped by the opponent,Dock|Engage,Engage,3.3,,false,false,0,0,60,1,2,
395,Blen Shiferaw,qm68,red,3,3373,true,5H,0,true,,,started spinning ,9Lcube|7Lcube,0,,,Parked,,not enough space on charge station,false,false,40,2,0,0,3,
396,aarav,qm69,blue,3,1727,false,6H|9H,0,true,,None,,1Lcone|1H|2Lcube|2H|3H,0,,Dock,Dock,,,false,false,0,0,0,0,2,
397,Hannah,qm69,blue,,1885,true,1Lcone,0,true,,,,9Lcone,0,played defense ,,,3.4,,false,false,80,5,0,0,5,
398,Joshua,qm69,red,2,1719,true,8H,0,true,,,,,0,Could not hold onto cones it picked up| very poor communication with charging ststion,Dock|Engage,Engage,15,Fell off multiple times,false,false,100,4,0,0,2,Poor communication| could not hold onto cones effectively 
399,Xael,qm69,blue,2,9235,true,5H,0,false,Dock,,,5M,0,really slow intake because they bring their arm up disabled for a bit before coming back online ,Dock|Engage,Engage,2,,false,false,0,0,0,0,2,
400,Blen Shiferaw,qm69,red,3,5115,true,,1,false,Engage,Engaged,,9H|8Lcone|7H,0,,Engage,Engage,12.5,,false,false,0,0,20,3,0,
401,Arav,qm70,red,,3361,true,2H,0,false,,None,,8Lcube,0,They just played defense the whole time didnt score ,,None,,,false,true,80,3,20,3,1,
402,Blen Shiferaw,qm70,red,3,3793,true,7Lcube,0,true,,,,8H,0,,Engage,Dock,2.0,1389 pushed them off charge station ,false,false,0,0,0,0,2,
403,Hannah,qm70,blue,,6504,false,,0,true,,,,4Lcube|5Lcube,0,could only push reliably| small and weak intake ,Engage,Engage,5.3,,false,false,0,0,0,0,3,
404,Joshua,qm70,red,2,1389,true,5H,0,false,Engage,Engaged,,7Lcone|6Lcube|6H|5Lcone|4H,0,Good defense| took advantage of 6504 needing to be still and knocked them whenever they attempted to pick up cones,Dock,Dock,3,Tried to score more points but caused the already engaged station to dock,false,true,80,4,20,3,4,Bumped into wall w couple of times| but otherwise decent maneuverability 
405,Xael,qm70,blue,2,8230,true,,1,true,Dock|Engage,,,2Lcube|4Lcube|6Lcube,2,they shoot their cargo intentionally in the general direction and another bot will go push it into the bottom row,Dock|Engage,Engage,,,false,false,0,0,0,0,3,
406,Agneya,qm71,blue,2,6882,false,,0,true,,None,,,0,,Dock|Engage,Engage,3,,false,false,100,1,0,0,1,
407,paul,qm71,red,3,8197,false,,0,true,,,,,0,did not move| terminated by judges for some reason,,,,,true,false,0,0,0,0,0,
408,Sydney,qm71,blue,1,339,false,,0,false,Engage,None,,2M|5M,0,Drops cubes a lot,,Parked,,,false,false,0,0,60,1,2,
409,Zac,qm71,red,2,1418,true,9H|8H,0,true,,None,,7Lcube|6H|5H,0,,Engage,Dock,11.5,1915 overshot,false,false,0,0,0,0,3,
410,Saragha,qm71,red,,1915,true,,1,true,,None,,,0,,Dock,None,10,,false,false,0,0,0,0,1,
411,Nicole,qm71,blue,3,4541,true,1H,0,true,,,,2H|3Lcone|3H,0,Unstable gripperDropped one cone,Dock|Engage,Engage,9,Two bots engaged,false,false,0,0,0,0,2,I believe they operated the bot to its best potential but the bot itself is unstable
412,Sydney,qm72,blue,,9072,true,,0,true,,None,,6Lcone|9Lcone,0,,Engage,Engage,8,Triple engage ,false,false,0,0,0,0,2,
413,Agneya,qm72,blue,2,2421,true,,1,true,,,,,0,,Dock|Engage,Engage,6,,false,false,100,1,0,0,1,
414,Saragha,qm72,red,,612,true,1Lcube,0,true,,,,7Lcone|6Lcube|5Lcube|3Lcube,0,,Dock|Engage,Engage,10,,false,true,0,0,0,0,2,
415,Zac,qm72,red,2,2849,true,5Lcone,0,true,Dock|Engage,Engaged,,7Lcube|5H|2Lcone,0,,Engage,Dock,11.5,1915 overshot,false,false,0,0,20,2,3,
416,Nicole,qm72,blue,3,2186,true,,1,true,Dock|Engage,Engaged,,,0,,Dock|Engage,Engage,4.6,,false,true,80,1,0,0,2,Tried to block 8592 a few times but 8592 just moved around them
417,paul,qm72,red,3,8592,true,8H|7H,0,true,,,,9Lcube|9H|6H|5Lcone|4H|3Lcube,1,very good at single station ,,,,,false,false,0,0,20,4,4,
418,Agneya,qm73,blue,2,623,false,6M,0,true,Dock|Engage,Engaged,,,0,,Dock|Engage,Engage,4,,false,false,0,0,0,0,3,
419,Sydney,qm73,blue,,4472,true,9H,0,true,,None,,7H|8M|8H|9M,0,,Engage,Engage,10,,false,false,0,0,0,0,4,
420,brandon,qm73,blue,3,7770,true,1Lcube,0,false,,,,3M|9Lcone,0,,,Parked,3,,false,false,0,0,0,0,2,
421,paul,qm73,red,3,5243,false,,0,true,,,,9Lcube|1Lcube,0,,,None,0.8,flipped over on charge,false,true,60,1,0,0,1,bad defense 
422,Saragha,qm73,red,,686,true,7H|5H,0,false,,,,4H|3H,0,,Dock|Engage,None,,,false,false,0,0,0,0,3,
423,Zac,qm73,red,2,2961,false,,0,true,,,,,0,,,None,,,false,true,100,1,0,0,0,
424,Agneya,qm74,blue,2,5115,true,6Lcube,0,true,Dock|Engage,Engaged,,1H|2Lcube,0,,Dock|Engage,Dock,3,,false,false,40,1,0,0,3,
425,brandon,qm74,blue,3,4638,true,,0,true,,,,9Lcone,0,,,Parked,7,,false,true,0,0,0,0,1,
426,Sydney,qm74,blue,,3748,true,,0,false,,None,,2M,0,,Engage,Dock,8,,false,true,80,1,0,0,2,
427,Saragha,qm74,red,,620,true,,1,false,Dock|Engage,Engaged,,7Lcone|6Lcone|5H|1Lcone,0,,Dock|Engage,None,,Attempted triple dock,false,false,0,0,0,0,1,Bro they were our own opps playing defense against us blocking the station major Ls fr 
428,paul,qm74,red,3,4099,true,2H|1H,0,true,,,,9Lcube|7Lcube|3Lcube|3H,0,ground intake seems to have issues,Engage,Dock,3,,false,false,20,4,20,4,5,
429,Zac,qm74,red,2,3793,true,8H,0,false,,None,,8Lcube|1Lcube,0,,Dock,Dock,6.7,,false,true,0,0,0,0,1,
430,Eckart ,qm75,red,2,1915,true,,1,true,Dock|Engage,None,,,0,Negative reaction time,Engage,Engage,9.5,,false,false,100,1,0,0,1,
431,brandon,qm75,blue,3,3361,true,2H,0,true,,,,1Lcone,1,,Dock|Engage,Parked,13,,false,false,0,0,0,0,2,
432,paul,qm75,red,3,5587,true,,0,false,,,,3Lcube,0,fouled in blue charging station,Engage,Engage,6.4,,false,true,80,2,0,0,1,many fouls 
433,Sydney,qm75,blue,,2988,false,5Lcone,0,false,Engage,None,,1Lcone|7Lcube|8Lcube|9Lcube,0,,,Parked,,,false,false,0,0,20,2,3,
434,Saragha,qm75,red,,5841,true,2Lcube,0,true,,None,,,0,,,Parked,,,false,false,20,3,0,0,2,They were like attempting defense 
435,Agneya,qm75,blue,2,8726,false,8H,0,true,,None,,7H,0,,Dock|Engage,Dock,15,,false,false,0,0,0,0,2,
436,Agneya,qm76,blue,2,6504,true,2Lcube,0,true,Dock|Engage,Docked,,7Lcone|7H,0,,Dock|Engage,Engage,2,,false,false,0,0,0,0,3,
437,Sydney,qm76,blue,,116,true,9Lcone,0,true,,None,,7Lcone|8M|8H,1,,,None,,,false,true,0,0,0,0,3,
438,paul,qm76,red,3,1727,true,9H|6Lcone,1,true,,,,8H|7Lcube|5H|4H|3H|2M|1H,0,many cycles,,,,,false,false,0,0,20,5,5,
439,Saragha,qm76,red,,2849,true,2Lcube,0,true,,None,,3Lcube|2H,0,,Dock|Engage,Engage,15,,false,true,0,0,0,0,2,
440,brandon,qm76,blue,3,8197,true,,0,true,,,,,0,,,None,,,false,false,100,1,0,0,1,
441,eckart,qm76,red,2,7770,false,1H|3Lcone,1,true,,None,,1Lcube|2Lcube|2H|3H|5H|6H|7H|8H|9H,0,Drops cube when hit,,Parked,,Continued cycling,false,false,0,0,0,0,5,
442,Agneya,qm77,blue,2,2186,true,1Lcube,0,true,,,,,0,,Dock|Engage,Engage,4,,false,false,100,3,0,0,3,
443,Sydney,qm77,blue,,8592,true,7H|8H,0,true,,None,,5Lcube|6Lcube|6H|7Lcube|8Lcube|9Lcube|9H,0,Was struggling with intake from single substation in the beginning,Engage,Engage,7,,false,false,0,0,0,0,5,
444,Eckart,qm77,red,2,7770,true,9Lcube,0,true,,,,3Lcube,0,,,Parked,,,false,false,0,0,80,1,1,Pushed around by 2186
445,brandon,qm77,blue,3,1389,true,5H,0,false,Dock|Engage,Engaged,auto engage,1H,0,,,,,,true,false,0,0,0,0,5,hit by defense and intake fell and disabled
446,paul,qm77,red,3,2961,true,,1,true,,,,3Lcube|1Lcube,0,many penalties,Engage,,,trouble picking things up,false,false,0,0,0,0,1,bad driving
447,Agneya,qm78,blue,2,620,true,,1,true,Dock|Engage,Engaged,,1Lcube|2Lcube|2M|9Lcube,0,,,,,,false,false,0,0,0,0,4,fell over while trying to dock during endgame
448,Eckart,qm78,red,2,4541,true,1H,0,true,,None,,3Lcone,0,Cone got stuck in drivetrain,,None,15.0,1719 sold by going up last minute,false,false,0,0,0,0,1,
449,Sydney,qm78,blue,,339,false,,0,true,,None,,1Lcube|4Lcube|8M,0,,Engage,Dock,,,false,true,0,0,0,0,2,
450,Saragha,qm78,red,,1719,false,1H,0,false,,None,,4M,0,,Dock|Engage,None,,Attempt tripel,false,false,0,0,0,0,4,
451,paul,qm78,red,3,4472,true,9H,0,true,,,,7M|7H,1,trouble picking stuff up,,,,,false,false,20,1,0,0,1,
452,Nicole,qm78,blue,3,9072,false,,0,true,,,,6Lcone,0,,,,,,false,false,0,0,0,0,1,Struggled to pick up cones
453,Agneya,qm79,blue,2,8230,false,5H,0,true,Dock|Engage,Engaged,,,0,,,,,PUSHED A ROBOT ONTO CHARGE STATION AND THEN GOT ON STATION FOR DOUBLE CHARGE,false,false,100,5,0,0,5,
454,Eckart,qm79,red,2,686,true,5H,0,true,Dock|Engage,Engaged,,7H|6H|4H|3H|1H,0,When cone is moving from intake to arm| vulnerable to dropping cone if hit.,,Engage,7.6,,false,false,0,0,0,0,5,
455,Saragha,qm79,red,,3748,true,,0,false,,None,,2M,0,,,None,,,false,false,80,4,0,0,4,Blocked 8230 pretty well
456,paul,qm79,red,3,612,true,8Lcube,0,true,,,,8H|5M,1,,Engage,Engage,6,,false,false,40,1,0,0,1,
457,Sydney,qm79,blue,,8590,false,2H,0,false,,None,,,0,,,None,,,true,false,0,0,0,0,0,Disabled whole time - couldnt see driving 
458,Nicole,qm79,blue,3,5243,true,2Lcube,0,false,,,,,0,,Dock|Engage,Engage,4,Koibots 8230 pushed 5230 onto charging station,true,false,0,0,0,0,1,
459,Sydney,qm80,blue,,9033,true,8H,0,true,,None,,,0,Fell over very early on,,None,,,false,true,0,0,0,0,2,
460,Agneya,qm80,blue,2,2421,true,,0,false,,,,1Lcube|2M,0,,Dock|Engage,Engage,2,,false,false,20,0,40,0,2,
461,eckart,qm80,red,2,6882,false,,0,true,,,,,0,Hit 9033 over,Engage,Engage,8.0,,false,false,100,1,0,0,2,Not fast enough to effectively defend
462,paul,qm80,red,3,9235,true,5H,0,false,Engage,Docked,,8H|5M,0,,Engage,Engage,5.7,,false,false,20,1,20,0,1,
463,Saragha,qm80,red,,3373,true,2H,0,true,,None,,8M|1Lcone|1M,0,,Dock|Engage,Engage,8,,false,false,0,0,20,1,2,
464,Nicole,qm80,blue,3,623,true,3M,0,true,Dock|Engage,Engaged,,1M|3M|4M|5M|7M,0,,Dock|Engage,Engage,3,,false,false,0,0,0,0,5,very fast and controlledGripper had issues in previous matches with dropping but 623 didn't lose grip this time
