,ScoutId,MatchKey,Alliance,DriverStation,TeamNumber,Preloaded,AutoGrid,AutoMissed,Mobile,AutoChargingState,AutoNotes,TeleopGrid,TeleopMissed,TeleopNotes,EndgameAttemptedCharge,EndgameFinalCharge,EndgameChargeTime,EndgameNotes,Disable,DefenseTime,DefenseRating,DefendedTime,CounterDefenseRating,DriverRating,RatingNotes
0,a,qm0,Red,1,1111,false,1M|9H,2,true,None,,2Lcube|1H,1,,Docked,None,0.8335706689243316,,true,74,47,14,18,95,
1,a,qm1,Red,1,1123,false,2M,0,true,Docked,,6M|7M|5H|3Lcube|7M|8Lcone|8Lcone|3Lcone,1,,Engaged,Engaged,8.347089784428855,,true,54,25,43,77,45,
2,a,qm2,Red,1,1389,false,5M|5M|7M,1,false,Engaged,,2M|1M|5M,1,,None,Docked,3.8750514279333936,,true,6,80,13,40,3,
3,a,qm3,Red,1,1446,false,7M|9M|1M,0,false,None,,9M|2M|1M,2,,None,None,0.6715511629483872,,false,7,21,91,70,1,
4,a,qm4,Red,1,1731,true,4Lcube|9M,2,true,Engaged,,1Lcube,0,,Docked,Engaged,6.224823809815404,,true,60,28,32,89,69,
5,a,qm5,Red,1,1895,true,8H|8H|1M,0,true,None,,2H|2Lcone|4M,1,,Docked,None,0.6730667810068014,,false,35,45,77,62,89,
6,a,qm6,Red,1,1908,false,4H,0,true,None,,6M|9Lcube|1H|2H|2M|9M|5M|5H,3,,Park,None,1.68212997259926,,false,96,19,29,70,91,
7,a,qm7,Red,1,2199,true,3Lcone,2,false,Engaged,,9Lcube|9M|5M,0,,None,None,2.62998777505701,,false,89,52,63,34,99,
8,a,qm8,Red,1,2377,false,1H|2M,1,true,Docked,,8Lcone|1Lcube|6M|2M|4Lcone|1M|1H|5Lcone,2,,Engaged,Engaged,2.6729384040480886,,true,77,20,90,100,80,
9,a,qm9,Red,1,2534,true,5H|1M|4H,2,true,None,,7H|7H,1,,Docked,None,1.605929563300068,,false,7,9,93,87,37,
10,a,qm10,Red,1,2537,false,5M|6M|4M,1,false,None,,6M,3,,Engaged,Docked,6.308955654549068,,true,64,46,94,23,64,
11,a,qm11,Red,1,2900,true,8M,0,false,Engaged,,9Lcone,2,,Engaged,Engaged,3.0953478943575288,,false,62,25,12,7,38,
12,a,qm12,Red,1,2914,true,5Lcone,0,true,None,,9Lcone|8H|4H|7Lcone|9M|2H|2M,1,,Park,Docked,1.343683109492072,,false,58,48,45,41,54,
13,a,qm13,Red,1,2961,false,4Lcone|7Lcube,0,false,None,,8Lcone|1M,1,,None,Docked,5.554871455684818,,true,7,85,78,84,11,
14,a,qm14,Red,1,4099,false,8M|8Lcube,2,false,Docked,,6M|9Lcube|1H|2M|7H|4H|6M,3,,Docked,Engaged,1.4449486112991117,,true,31,20,69,75,67,
15,a,qm15,Red,1,4456,false,9M|8H|8M,0,true,Engaged,,8H|7H,2,,Park,Engaged,0.3215828078230287,,false,75,11,34,93,27,
16,a,qm16,Red,1,449,true,2H,1,true,None,,6Lcube|5M|1H|4M|2H|2Lcube|2Lcube|8Lcube,1,,Engaged,Docked,0.28169113025179326,,false,17,87,32,45,52,
17,a,qm17,Red,1,4638,true,1Lcone|8M|5Lcube,1,false,Docked,,5Lcone|9H|5M|2H|7H,1,,Docked,Docked,0.9288323935602194,,true,16,70,53,29,37,
18,a,qm18,Red,1,4821,true,1H|7H,1,true,Engaged,,4M|7H|4M|9M,0,,Park,Docked,4.464074925601947,,true,10,53,17,43,40,
19,a,qm19,Red,1,5338,false,4M|9Lcone,2,true,Docked,,7H|3H|7Lcone|8Lcube|5Lcone,1,,Engaged,Docked,6.28468625948011,,true,44,17,63,65,87,
20,a,qm20,Red,1,5549,false,4Lcone|2H,0,false,Docked,,7M|8M|8M|8Lcube|5Lcube|5M|6M|8Lcube,3,,Park,Park,4.389104935682964,,true,88,8,10,57,56,
21,a,qm21,Red,1,5587,false,3H|7Lcube,0,false,Engaged,,5H|5Lcone|9H|6Lcube|5Lcone|7Lcube,1,,None,Docked,7.538371327504839,,false,31,22,50,23,21,
22,a,qm22,Red,1,5830,true,8H|3H,1,false,None,,7M|5H|2Lcone,1,,None,Park,4.9114106322567395,,true,35,4,74,48,80,
23,a,qm23,Red,1,5841,true,2M,2,true,None,,4H|8M|8Lcube|9H|9H|2H|2Lcone|8Lcone,1,,Docked,None,5.886540822712122,,false,10,16,3,64,13,
24,a,qm24,Red,1,611,false,5H|1H|5M,1,true,Docked,,9M|3M|6M|5Lcube|7H|3Lcube,3,,None,None,7.999146719693754,,false,24,6,10,29,9,
25,a,qm25,Red,1,614,true,2M|1H,0,false,None,,9M|7H|7Lcone|1Lcube|6M|5Lcone|7M,3,,Park,None,8.960535972592801,,true,11,99,46,8,33,
26,a,qm26,Red,1,620,false,1H|2H|5M,0,false,None,,8H|2Lcone|3Lcube,2,,Engaged,Engaged,2.5503274580329585,,false,86,26,70,10,92,
27,a,qm27,Red,1,6239,false,1H|1Lcube,1,false,None,,1Lcube|8H,2,,Engaged,None,2.5540171953505544,,true,51,39,85,0,49,
28,a,qm28,Red,1,6326,true,3H,0,false,Docked,,8M,0,,Engaged,Docked,7.6043097751264686,,true,0,18,5,41,39,
29,a,qm29,Red,1,6863,false,1M|8H,0,false,Engaged,,9Lcube|6Lcube|5M|6M,1,,Docked,Engaged,1.0478449413887259,,false,74,46,99,42,20,
30,a,qm30,Red,1,7886,false,8M|4Lcone|9M,1,false,None,,3M|8H|3Lcone|2H|2M,0,,Engaged,None,3.502656052868768,,false,3,97,29,68,37,
31,a,qm31,Red,1,8326,false,9M|8M,2,false,Engaged,,6Lcube|5H,2,,None,Park,5.961879840008716,,true,68,40,77,39,13,
32,a,qm32,Red,1,836,true,9H|9Lcone|2H,0,true,Docked,,9M,0,,None,None,1.4778722005953182,,false,8,54,21,22,11,
33,a,qm33,Red,1,8514,true,2Lcube|1M|1Lcube,0,false,None,,7H|5H|1H|7Lcone|8H|2H|3H,1,,Engaged,None,4.134340367971539,,true,88,75,68,95,14,
34,a,qm34,Red,1,8622,true,1M|1M|4Lcube,1,true,Docked,,9H|4M|2Lcone|1H|6H,1,,Docked,Docked,2.629256576539997,,false,58,49,50,60,76,
35,a,qm35,Red,1,888,true,2H|4H,2,false,Engaged,,5H|3H|4H|3H|6M,1,,Docked,Engaged,1.0722435207323033,,true,93,82,17,43,4,
36,a,qm36,Red,1,1111,false,8M|7H,2,true,Engaged,,8Lcube|6H|3H|3Lcube,1,,Docked,None,1.5142154170496924,,false,34,61,19,75,62,
37,a,qm37,Red,1,1123,false,8M|7M,1,false,Docked,,3M|1M|6Lcone|5H,2,,Park,Docked,1.3251960409624997,,false,11,95,39,8,28,
38,a,qm38,Red,1,1389,false,2Lcube,1,true,None,,3H|2H|6H|3H,0,,Docked,Engaged,7.493962329179781,,true,18,76,99,75,24,
39,a,qm39,Red,1,1446,false,2Lcone|2H,0,false,None,,6H|1M|4Lcube|7M|8H|5M|1Lcone,3,,Park,Engaged,0.82828693299551,,false,91,81,90,50,51,
40,a,qm40,Red,1,1731,true,5M|5M|1H,0,false,Docked,,8M|9M|6Lcone|7H|6H,3,,None,None,2.6112925367160456,,true,61,49,50,2,59,
41,a,qm41,Red,1,1895,false,1Lcone|3H,2,true,Engaged,,6Lcube|3Lcone,1,,Park,None,2.282086333259561,,false,4,86,36,37,12,
42,a,qm42,Red,1,1908,true,5H|5M,2,true,Engaged,,7M|1H|7H|3H|2M|2Lcube,0,,Engaged,None,7.232695409432247,,false,18,93,40,15,28,
43,a,qm43,Red,1,2199,false,1H,1,false,Docked,,1M|4M|4H|8H,3,,Park,Engaged,8.74383474530923,,true,36,50,54,24,2,
44,a,qm44,Red,1,2377,false,9M,2,false,Docked,,6Lcube,2,,None,None,9.134521795975147,,false,35,80,89,8,91,
45,a,qm45,Red,1,2534,false,4Lcube|4M|8M,2,false,Docked,,2Lcone|5H|5M|1M|1M|9H|4M|4Lcube,2,,Engaged,Park,4.159447280708676,,true,36,50,57,64,58,
46,a,qm46,Red,1,2537,false,5Lcube|3H,0,true,Engaged,,6Lcube|5Lcube|5Lcone,1,,Docked,None,0.062298077947494646,,true,1,61,97,1,50,
47,a,qm47,Red,1,2900,false,9M,0,false,Docked,,4M|5M|6H|1H,2,,Park,Docked,4.185706482045828,,false,30,65,69,9,54,
48,a,qm48,Red,1,2914,false,7M,2,false,None,,5H|1Lcube|4M|1Lcube|8H|2H,1,,Engaged,Park,3.911961922115752,,true,47,1,2,61,63,
49,a,qm49,Red,1,2961,false,8M|2M|9Lcube,0,false,Engaged,,1Lcube|9M,0,,Park,Park,6.0230043782164415,,true,34,76,72,85,16,
50,a,qm50,Red,1,4099,true,4M|3Lcone|7M,0,true,Engaged,,4H|5M|4H|8H|8Lcube|1H|6Lcube,2,,Docked,Engaged,5.449769277546917,,false,18,34,5,50,90,
51,a,qm51,Red,1,4456,true,3Lcone|3Lcube,0,false,Engaged,,4H|5H,1,,Docked,Park,7.559183002038274,,false,33,38,57,38,63,
52,a,qm52,Red,1,449,true,4M,2,false,None,,3Lcone|3M|8H|7M,2,,None,Engaged,8.37138950051317,,true,41,98,4,35,46,
53,a,qm53,Red,1,4638,false,4M|6Lcube,1,false,Docked,,4M|6H|8Lcone|3H|8Lcone,2,,Park,None,3.103191121350023,,true,85,3,23,24,15,
54,a,qm54,Red,1,4821,true,3H|5M,2,true,None,,7H|4Lcube|1Lcube|7Lcube|9H|2H|9Lcone,3,,Docked,Engaged,0.10277224853872058,,false,39,7,26,84,73,
55,a,qm55,Red,1,5338,true,4Lcone,0,false,Engaged,,4M,0,,Park,None,7.512635798102668,,true,92,16,34,74,41,
56,a,qm56,Red,1,5549,false,7M|7H|6Lcone,1,false,Engaged,,8M|8Lcone|9H,1,,Engaged,None,0.1658153518217509,,false,65,47,96,92,28,
57,a,qm57,Red,1,5587,true,3M,1,true,None,,3H|5H|7H|1M,2,,Park,Engaged,5.423754390427703,,true,83,76,2,96,21,
58,a,qm58,Red,1,5830,true,3Lcone|6H,2,true,Docked,,2M|8M|2M|2Lcube|2M|4M|7Lcone,1,,Engaged,Park,2.1688837959423313,,false,86,31,62,95,24,
59,a,qm59,Red,1,5841,false,8Lcone|2H|2Lcube,1,false,Docked,,3H,0,,Docked,Park,4.8131910452186375,,false,98,92,74,48,15,
60,a,qm60,Red,1,611,false,8H|7M,2,false,Docked,,3Lcone|7M|8H|4M,0,,Engaged,Docked,0.4328914014478269,,false,67,8,89,49,19,
61,a,qm61,Red,1,614,false,9H|3H,2,true,Docked,,2H|7M,3,,None,Park,9.574879858967236,,false,12,18,46,42,9,
62,a,qm62,Red,1,620,false,3H|3Lcube,1,false,Engaged,,9M|9M|7Lcone|5M|1Lcube|1Lcone,0,,None,Park,9.656638680195805,,true,23,74,63,8,80,
63,a,qm63,Red,1,6239,false,8H|6M,0,true,None,,1Lcube|3Lcube|3H|3M,2,,Park,Engaged,2.1021838006474547,,true,43,95,15,69,54,
64,a,qm64,Red,1,6326,false,7M,1,true,Docked,,4H|7H|8Lcone|7Lcone|5M,2,,Docked,Park,9.298534544078569,,true,90,18,86,59,78,
65,a,qm65,Red,1,6863,true,5Lcone|6Lcube|7M,0,true,Engaged,,1H|4Lcone|7M|6H|8M|4H|4M|7M,1,,None,Docked,3.427652055001942,,false,25,33,100,95,66,
66,a,qm66,Red,1,7886,true,6M|9Lcone|1Lcone,0,false,Docked,,1M|8H|2H|2Lcube,2,,Engaged,Docked,0.6106432209092261,,false,48,12,21,100,20,
67,a,qm67,Red,1,8326,true,4M|4M|9M,0,false,None,,5Lcube|8Lcube|8M|9M|4M|7Lcone,0,,Docked,Docked,3.26427402994925,,false,31,8,66,11,90,
68,a,qm68,Red,1,836,false,4H,0,true,Engaged,,5M|2M|2Lcone|9Lcube|6M,2,,Engaged,Engaged,4.12039050317037,,false,36,28,31,16,33,
69,a,qm69,Red,1,8514,false,9H|8Lcone,0,true,Engaged,,3H|7M,0,,Engaged,Engaged,2.362586101321101,,true,19,11,49,30,52,
70,a,qm70,Red,1,8622,false,9H,2,true,Engaged,,7H|6M|7M|1M|3M|3M,1,,Engaged,None,2.565067728231143,,false,51,46,45,65,29,
71,a,qm71,Red,1,888,true,5Lcone|9Lcube,1,false,Engaged,,1Lcone|3H|6H|3H|1H|8M,0,,Engaged,Docked,9.395965714083403,,true,88,20,31,29,6,
72,a,qm72,Red,1,1111,true,1H,2,false,None,,9M|4M|3Lcone|3M|1M,0,,Engaged,Park,6.453657629377748,,false,48,73,50,87,13,
73,a,qm73,Red,1,1123,false,6H,2,true,None,,3H|4M|3H|5Lcone|2Lcone|5H|1H,1,,Park,Engaged,7.681748560184473,,true,1,16,57,25,71,
74,a,qm74,Red,1,1389,true,1M|2Lcone,1,false,None,,8M,3,,Park,None,3.4528493900248245,,false,74,45,82,93,67,
75,a,qm75,Red,1,1446,true,7Lcone,2,true,None,,6Lcone|1M|4M,1,,Engaged,Engaged,4.047683428414265,,false,7,14,41,18,67,
76,a,qm76,Red,1,1731,false,6Lcone|9H|7Lcone,0,true,None,,2M|7H|3M,2,,Docked,Engaged,0.037736935290736406,,false,28,67,73,12,42,
77,a,qm77,Red,1,1895,false,9Lcube,0,false,None,,2M|8M|5M|8Lcone,3,,Docked,Park,9.934250204186348,,false,75,68,22,41,13,
78,a,qm78,Red,1,1908,true,7M,0,true,Engaged,,6M|8H|6Lcone|6M|8H|3H|2H|3H,3,,None,None,5.931598669794363,,false,30,81,15,19,90,
79,a,qm79,Red,1,2199,false,2H,2,false,Docked,,4H|7M|3M|6M|6Lcube|9M|7Lcone|4Lcone,0,,Docked,Park,2.9222882400334482,,false,68,75,56,17,42,
80,a,qm80,Red,1,2377,false,4M|6Lcone|4H,1,true,Docked,,1Lcone|1Lcone|3M,0,,Park,None,3.83052411435905,,false,42,11,93,11,28,
81,a,qm81,Red,1,2534,false,1H|2Lcone,0,true,Docked,,2Lcube|7Lcone|1H|1M|8H,3,,None,None,0.2974961110838359,,false,12,98,98,74,31,
82,a,qm82,Red,1,2537,false,7H,2,false,None,,3Lcube|2H|1H|6H|7M|8M,3,,Park,Engaged,5.96956062995962,,false,41,53,70,19,30,
83,a,qm83,Red,1,2900,true,5M|2H,0,false,None,,3M|1Lcone|2M|4H|3Lcone|4Lcone|4H,1,,Docked,Docked,3.54037844250776,,false,15,60,44,70,58,
84,a,qm84,Red,1,2914,true,7Lcube|1H,1,true,Engaged,,7H|2Lcube|1M|3M|4Lcone|9H|9H|3H,1,,None,Docked,8.811998615380755,,false,60,98,29,8,32,
85,a,qm85,Red,1,2961,true,3Lcone|9Lcone|7M,0,true,Docked,,2M,3,,None,None,3.9916957712003165,,false,16,89,22,96,81,
86,a,qm86,Red,1,4099,true,5M|9M|8H,0,true,Engaged,,2M|6M|4Lcone|3H|8Lcone|8Lcone|2H|1Lcube,3,,Docked,Docked,9.883807943438729,,true,47,96,21,50,15,
87,a,qm87,Red,1,4456,false,1H,1,true,None,,7H|9Lcone|7M|1M,2,,Engaged,Park,1.9159858442295463,,false,45,19,80,12,97,
88,a,qm88,Red,1,449,false,2M|5Lcube,0,true,Engaged,,5H|6Lcone|6H|3M|4Lcone|8M|7M,1,,Park,Park,2.2275302311197165,,false,52,79,46,6,11,
89,a,qm89,Red,1,4638,false,4H|4Lcube,0,true,None,,3M,3,,Park,None,4.2845104686083815,,false,86,100,92,50,94,
90,a,qm90,Red,1,4821,true,3H|2Lcube,0,false,Engaged,,1M|2M|3H|4M|8Lcube|6M|9M,2,,Engaged,Engaged,1.004898708833707,,true,88,65,85,47,58,
91,a,qm91,Red,1,5338,false,8H|5Lcube,2,true,Docked,,9Lcube|2Lcone|6M,0,,Park,Park,7.370670736669376,,true,9,72,76,48,29,
92,a,qm92,Red,1,5549,true,7H|3Lcube|8M,1,true,Docked,,1M|2H|3M|7M|6M|6H,0,,Park,Park,8.347412775827689,,false,19,17,42,3,47,
93,a,qm93,Red,1,5587,false,1M|4M,0,true,None,,3M,0,,Docked,None,5.769823001628608,,false,28,23,84,86,38,
94,a,qm94,Red,1,5830,true,4M,2,false,Engaged,,9M|6H|8M|9Lcone|5Lcube|1M|2Lcone|1Lcube,1,,Engaged,Docked,9.654297485271801,,true,51,76,32,68,68,
95,a,qm95,Red,1,5841,true,6M|2H,1,true,Engaged,,8Lcube|9Lcube,1,,None,Docked,0.15615793605903483,,true,39,63,43,72,45,
96,a,qm96,Red,1,611,false,4Lcone,0,false,Engaged,,5H|1Lcone|6H|9Lcube|2M|6Lcone|7H,3,,Engaged,Docked,6.509255938373241,,false,94,66,38,50,31,
97,a,qm97,Red,1,614,true,7Lcube,2,false,Engaged,,2M,2,,Park,Engaged,4.402354115461623,,true,45,59,1,83,45,
98,a,qm98,Red,1,620,true,2Lcube|9Lcube,2,false,Engaged,,9H|1Lcone|7Lcube|9H|7H|1Lcube,2,,Engaged,None,7.336278816464779,,false,64,100,61,14,69,
99,a,qm99,Red,1,6239,false,4Lcube|5H,1,true,Engaged,,6Lcone|2M|7H|3H,0,,Engaged,Park,6.920817093835772,,false,29,8,54,59,54,
100,a,qm100,Red,1,6326,true,2Lcone|8H|1Lcube,2,true,Engaged,,5H|7M|1H|8M|7Lcone|7H|3Lcone,0,,Park,Park,5.8058373642615955,,true,12,94,74,77,98,
101,a,qm101,Red,1,6863,false,6M|8H|1H,2,true,None,,1H|6M|9M|5H|3H|9Lcube|7M,0,,Docked,Engaged,9.095081646985868,,false,78,21,34,93,59,
102,a,qm102,Red,1,7886,false,8M|2Lcube,1,true,Docked,,9H|9M|4Lcone|6H|3Lcube|1H,2,,None,Engaged,5.6601423136944,,false,29,43,66,98,59,
103,a,qm103,Red,1,8326,false,4Lcone|2M|8H,2,false,None,,3M|3Lcube|4H|8H|9Lcone|6M|1H|4H,0,,Docked,Docked,1.515963682706667,,false,52,67,58,83,21,
104,a,qm104,Red,1,836,true,2H|4H,2,false,None,,3Lcube|4Lcube|1M|9Lcone|9M,2,,Docked,Park,3.618979229493069,,false,45,78,11,39,36,
105,a,qm105,Red,1,8514,false,7H|4M|7H,1,false,Engaged,,2Lcone|1M|2M|3H|5H,1,,Docked,Engaged,3.7688593917725735,,false,20,27,40,55,89,
106,a,qm106,Red,1,8622,true,7Lcube|6Lcube,2,true,Docked,,3H|2M|8M|3M|5M|7Lcone,0,,None,None,1.4640956787758475,,false,13,63,6,70,14,
107,a,qm107,Red,1,888,false,3Lcone|7H|7H,0,true,None,,3H,3,,Park,None,3.7221426022159267,,true,30,74,15,89,34,
108,a,qm108,Red,1,1111,true,1Lcone|4H|5Lcube,2,true,None,,3Lcone|2H|3M|1Lcube|7Lcone,3,,None,Park,0.4533394067573959,,false,37,0,89,28,0,
109,a,qm109,Red,1,1123,false,7H,1,false,None,,9M|1H|9H|8M,3,,Park,Docked,7.788948035845848,,true,80,94,90,84,89,
110,a,qm110,Red,1,1389,false,1M,2,true,Docked,,4Lcube|3Lcube|3Lcone|1Lcube|8H|6M|5M|4Lcube,0,,Engaged,Docked,5.203601836939107,,false,37,33,72,48,12,
111,a,qm111,Red,1,1446,false,1M,0,true,None,,2M|6M|1M|6H,2,,None,None,0.5162263848740722,,false,90,43,0,4,80,
112,a,qm112,Red,1,1731,false,6Lcube,0,true,None,,1Lcube|9M|3H|7M,3,,Park,Park,1.331841764054995,,false,41,68,13,32,12,
113,a,qm113,Red,1,1895,true,1M|6H,1,false,Docked,,7M,2,,Park,Park,5.726235521106005,,true,94,77,54,24,36,
114,a,qm114,Red,1,1908,false,6H,2,true,None,,8Lcube|4M,3,,Park,Engaged,7.104163633485743,,true,76,62,13,40,89,
115,a,qm115,Red,1,2199,true,8H,2,false,None,,4H|8H,3,,Engaged,Docked,7.996776266433166,,false,47,63,87,18,75,
116,a,qm116,Red,1,2377,true,7Lcube|1H|5Lcone,0,false,Engaged,,7M|3Lcone,2,,Park,Docked,0.276270483267429,,false,73,79,10,72,22,
117,a,qm117,Red,1,2534,false,5M|5Lcube|2M,0,false,None,,6Lcone|3M|6Lcone|4M|4H|7H,1,,Docked,None,1.0353048818311505,,true,6,7,66,89,46,
118,a,qm118,Red,1,2537,false,4H|1M|1H,0,false,None,,3H,3,,Docked,None,3.8494000488440063,,true,2,30,80,88,30,
119,a,qm119,Red,1,2900,true,2Lcube|8H|8M,2,true,None,,1M|1H|8M|8Lcone|9Lcube|4Lcube|7H|9Lcone,2,,Park,Engaged,6.998385635719596,,false,51,81,61,40,57,
120,a,qm120,Red,1,2914,true,9M,0,false,Engaged,,6Lcube|5Lcone|6M|5H|5Lcube|8Lcone,1,,None,Engaged,2.777551942329458,,false,15,95,47,68,87,
121,a,qm121,Red,1,2961,false,7H|8Lcone|6H,2,false,Engaged,,4Lcube|2H|7Lcube|7Lcube|3M|7M|6Lcube,2,,Docked,Docked,1.285532280544871,,true,91,17,94,50,82,
122,a,qm122,Red,1,4099,true,9M|9M,0,true,None,,1H|3M|4M|3H|8M|3M|9M,0,,Engaged,None,4.062534570154771,,false,41,31,10,49,88,
123,a,qm123,Red,1,4456,true,7Lcone|1Lcube|6H,2,false,Docked,,2H|2H,3,,Park,None,7.696104984387903,,false,76,91,26,14,47,
124,a,qm124,Red,1,449,false,1M,0,false,None,,6M|9M|8Lcube|1H|5Lcube|3Lcube|1M,1,,Docked,Engaged,9.374598285056544,,false,11,54,82,35,62,
125,a,qm125,Red,1,4638,true,6H|6Lcone,0,true,Engaged,,8M|5H|9M|6M|3Lcone,3,,None,Engaged,8.080260185888234,,false,40,62,61,26,6,
126,a,qm126,Red,1,4821,false,2Lcone|8M|9H,1,true,None,,3H|8H,2,,Docked,Engaged,1.2977617906945371,,false,88,70,31,93,35,
127,a,qm127,Red,1,5338,true,1Lcone|1Lcube,0,true,None,,7Lcube|5Lcube|1M|6M,2,,None,Park,0.06122739578727665,,false,42,64,11,98,33,
128,a,qm128,Red,1,5549,true,2M|8Lcube|4M,2,true,Engaged,,4H|2Lcube|5Lcube|5H,3,,Park,Park,6.232191214115606,,true,95,41,35,48,76,
129,a,qm129,Red,1,5587,false,6M|8H,0,true,Docked,,4Lcube|5M|9H|4M|2Lcube|1M,0,,None,Docked,4.953452504538216,,true,0,65,84,50,41,
130,a,qm130,Red,1,5830,true,2M,0,false,Engaged,,6Lcone|6H,1,,None,None,4.793579346367053,,true,14,54,61,51,41,
131,a,qm131,Red,1,5841,true,2Lcone|7Lcube,2,false,None,,4M,2,,Park,Engaged,0.6916580495694613,,true,26,92,89,68,13,
132,a,qm132,Red,1,611,true,7M,2,true,Docked,,9H|6Lcone|4Lcone|5Lcube|9M|2H,3,,Park,None,8.446059417166472,,false,51,16,45,74,33,
133,a,qm133,Red,1,614,false,4M|5H|4H,0,true,Engaged,,8M,2,,Park,Engaged,0.7158783798866197,,false,47,38,81,9,43,
134,a,qm134,Red,1,620,true,9Lcone|8M,2,true,None,,7H|7H|1M|4M|8H|6Lcone|1Lcone,0,,Engaged,Park,8.214790574486546,,false,98,6,35,50,65,
135,a,qm135,Red,1,6239,false,1M,2,true,Docked,,6M|6Lcone|2M|1M,0,,Park,Engaged,9.837585057998384,,false,2,71,12,33,67,
136,a,qm136,Red,1,6326,true,6Lcube|5H,2,false,None,,2Lcone,3,,Docked,Engaged,0.5294720762205696,,false,63,17,92,18,9,
137,a,qm137,Red,1,6863,false,5H,2,true,Docked,,7H|2M|2Lcube|5Lcube,0,,Docked,None,5.4177470619117285,,true,64,93,23,47,75,
138,a,qm138,Red,1,7886,false,3Lcone|3M|8Lcone,0,false,None,,5Lcone|6H|4Lcube|2H|3Lcone,2,,None,Park,1.676193063057556,,true,72,33,42,20,13,
139,a,qm139,Red,1,8326,true,4H|3Lcone,2,true,None,,3H|8M|3Lcone|2H,0,,None,Engaged,2.0717827108167928,,true,11,70,25,6,9,
140,a,qm140,Red,1,836,true,7Lcube,2,false,Docked,,6M|7M|6H|9Lcube|1M,3,,Park,Docked,2.6995645322393855,,false,59,24,76,28,55,
141,a,qm141,Red,1,8514,false,3Lcone,1,true,Engaged,,1H|4Lcone|1H|2H,1,,Docked,Engaged,5.9872077621391995,,false,18,11,4,78,24,
142,a,qm142,Red,1,8622,true,4M,0,true,Docked,,1Lcone|9H|4Lcone,3,,Park,Engaged,8.573133951220118,,false,47,99,19,74,80,
143,a,qm143,Red,1,888,false,6M,2,false,Docked,,6H|8Lcone|3M|2M|4H|4H|1Lcube,1,,Engaged,Engaged,7.345084609761439,,false,10,90,64,29,95,
144,a,qm144,Red,1,1111,false,2Lcone|4Lcube,2,false,Docked,,3Lcube|8M|9Lcube|4H|1H,1,,Park,None,4.648855140859906,,true,32,71,57,36,31,
145,a,qm145,Red,1,1123,true,4Lcone,1,true,None,,7H|7Lcube|8M,0,,Park,Park,7.555708484723194,,true,81,74,26,86,55,
146,a,qm146,Red,1,1389,true,4M|9Lcube,1,true,Docked,,2M|3M|7H|8M|8H|6M|4Lcube,3,,Park,Docked,8.56783399007036,,false,100,70,4,25,52,
147,a,qm147,Red,1,1446,false,3Lcone|2H|2H,2,true,Engaged,,9Lcone|2M|2M,3,,Engaged,Engaged,5.875327938336731,,true,28,15,71,56,12,
148,a,qm148,Red,1,1731,false,3M|8H|7Lcone,1,true,None,,8M|4M|2Lcube|3M|7Lcube|5M|1Lcube,0,,None,Docked,1.1758492760238815,,true,91,32,89,20,2,
149,a,qm149,Red,1,1895,true,3M|8Lcube|5Lcone,2,false,None,,1M,2,,Docked,Engaged,7.831386072643546,,false,15,89,20,25,87,
150,a,qm150,Red,1,1908,false,1Lcone|6H|8M,2,false,None,,2M|7Lcone|2H|8H|5M|2H,2,,Engaged,Park,6.599172922089974,,true,80,98,31,47,61,
151,a,qm151,Red,1,2199,false,6H|5H,2,true,Docked,,9Lcone|5M|1Lcube,1,,Engaged,Docked,5.6010001062391765,,false,39,67,53,93,82,
152,a,qm152,Red,1,2377,true,8M,0,true,Docked,,1H|4H,2,,None,Docked,6.882305172341678,,true,80,34,16,77,66,
153,a,qm153,Red,1,2534,true,1Lcube|5H,0,true,None,,6M|6Lcone|4M|7M|2H|6H|8M|2M,1,,None,Engaged,8.815463650514182,,true,62,89,38,76,13,
154,a,qm154,Red,1,2537,true,5H|9Lcube,1,false,Engaged,,8H|5H|5H|7Lcube|4H|4M|6Lcone|2M,0,,Park,Docked,4.644466804246412,,false,59,23,21,51,80,
155,a,qm155,Red,1,2900,true,3H|4Lcone,1,true,Docked,,8M|6H|4H|8H|3H,2,,Park,Park,9.390718292736295,,true,99,85,69,58,99,
156,a,qm156,Red,1,2914,true,6H|7H,2,false,Docked,,2Lcube|7M|1M|2H|1Lcone,0,,Engaged,Park,2.776463973717176,,true,4,45,71,93,5,
157,a,qm157,Red,1,2961,false,9Lcube|6Lcube,1,true,Docked,,7M|1M,0,,Park,Park,7.728893525460069,,true,31,50,22,100,31,
158,a,qm158,Red,1,4099,false,3H|9Lcube,0,false,None,,8H|4H|5M|9Lcone|3Lcube|6Lcube|8M|5Lcube,1,,Engaged,Engaged,9.596034025178884,,true,96,70,16,66,60,
159,a,qm159,Red,1,4456,true,2M,1,true,None,,9H|4H,1,,Engaged,Docked,4.1019809135898635,,false,25,37,47,7,83,
160,a,qm160,Red,1,449,false,5Lcube,2,false,Docked,,3H|8Lcone|4M|7Lcone|6H|7H|3H,1,,Engaged,Park,1.3076343485525155,,true,32,50,19,96,94,
161,a,qm161,Red,1,4638,false,6H|3H,2,true,Engaged,,3M|2M|4H|7M|5Lcube|7Lcube|9Lcone|5H,1,,Engaged,Park,1.6766491305224351,,true,81,40,83,37,21,
162,a,qm162,Red,1,4821,false,7M|9M,2,false,None,,4H,3,,None,Engaged,3.4456081127856364,,false,39,16,45,92,27,
163,a,qm163,Red,1,5338,true,6H|9M|7M,2,true,None,,1M|3H|5M,2,,None,Park,2.878027317620014,,true,32,53,19,72,96,
164,a,qm164,Red,1,5549,false,9H|8H|1Lcone,0,true,Engaged,,2M|6Lcone|2M|5M|6H,3,,Engaged,Engaged,9.448944577449936,,false,23,72,39,49,76,
165,a,qm165,Red,1,5587,true,6Lcube|2Lcube|4M,0,true,Engaged,,5M|8M|7H|2Lcone|4H,2,,Engaged,Docked,9.305036923458287,,true,70,67,30,90,99,
166,a,qm166,Red,1,5830,true,8Lcone,1,false,None,,9Lcube|7H|1H|1H|6M|1M,1,,Park,Park,9.78161611696811,,false,42,37,30,8,74,
167,a,qm167,Red,1,5841,false,6H,0,true,Engaged,,5M|2M,1,,Engaged,None,9.672514237453731,,false,87,82,96,61,24,
168,a,qm168,Red,1,611,false,2Lcone,2,false,None,,3H|1Lcube|6M|2M|8M,2,,Docked,None,8.660886149223847,,true,66,55,36,73,60,
169,a,qm169,Red,1,614,true,5Lcone|2Lcone,2,true,None,,1H|6Lcone|1M|2Lcone,1,,Docked,Docked,3.1305597953404476,,false,88,14,90,61,35,
170,a,qm170,Red,1,620,true,3M|7H|1M,2,false,None,,6Lcone|2H|2Lcube|2Lcube|7H,1,,None,Docked,2.3738288702579946,,false,99,43,81,63,66,
171,a,qm171,Red,1,6239,false,5H|9H,1,false,None,,7Lcube|7H|4M|3H|9M|6Lcone,2,,Docked,Docked,3.8951641434978077,,true,78,53,45,42,28,
172,a,qm172,Red,1,6326,false,8H|9Lcone|4Lcube,0,true,None,,6M|2H,2,,None,Docked,8.039093210768868,,true,93,78,56,5,64,
173,a,qm173,Red,1,6863,true,3Lcube|4M,2,true,Engaged,,1H|9M,3,,Docked,Park,3.1351331702056786,,true,36,19,17,1,12,
174,a,qm174,Red,1,7886,false,9M|9Lcube,0,false,Engaged,,8Lcone|3M|4M|7M|7Lcone,3,,Docked,Park,2.310763475183818,,false,87,50,69,67,77,
175,a,qm175,Red,1,8326,false,2H,1,true,Docked,,9H|2M,0,,Engaged,Docked,7.086779562378926,,false,42,40,8,79,12,
176,a,qm176,Red,1,836,false,7H|4H|5H,1,true,None,,2H|1M|3H|4H,2,,Engaged,Park,4.875339940159698,,false,88,53,83,73,97,
177,a,qm177,Red,1,8514,false,5M|9Lcube,2,true,Engaged,,8M|1H|5M|2H,1,,Engaged,None,2.6356370199262322,,true,76,55,3,29,43,
178,a,qm178,Red,1,8622,true,8H|6M|3Lcube,1,true,Docked,,2H|9H,1,,Park,None,2.852294351882063,,true,88,16,50,89,78,
179,a,qm179,Red,1,888,false,1H|1Lcube|1Lcube,1,false,None,,9H|1Lcone|7H|2H|3Lcone|4H|9H|3Lcone,2,,None,Docked,6.1672482586935224,,false,1,48,61,97,25,
